Ticker,Day,Price
RELIANCE,1,1426.52
RELIANCE,2,1426.23
RELIANCE,3,1425.31
RELIANCE,4,1424.2
RELIANCE,5,1423.13
RELIANCE,6,1422.19
RELIANCE,7,1421.43
RELIANCE,8,1420.83
RELIANCE,9,1420.38
RELIANCE,10,1420.03
RELIANCE,11,1419.78
RELIANCE,12,1419.58
RELIANCE,13,1419.43
RELIANCE,14,1419.3
RELIANCE,15,1419.18
RELIANCE,16,1419.07
RELIANCE,17,1418.96
RELIANCE,18,1418.85
RELIANCE,19,1418.73
RELIANCE,20,1418.61
RELIANCE,21,1418.48
RELIANCE,22,1418.35
RELIANCE,23,1418.21
RELIANCE,24,1418.07
RELIANCE,25,1417.93
RELIANCE,26,1417.78
RELIANCE,27,1417.63
RELIANCE,28,1417.48
RELIANCE,29,1417.33
RELIANCE,30,1417.18
TCS,1,2839.12
TCS,2,2807.57
TCS,3,2778.26
TCS,4,2751.69
TCS,5,2727.96
TCS,6,2706.97
TCS,7,2688.45
TCS,8,2672.11
TCS,9,2657.62
TCS,10,2644.68
TCS,11,2633.01
TCS,12,2622.37
TCS,13,2612.56
TCS,14,2603.43
TCS,15,2594.84
TCS,16,2586.68
TCS,17,2578.88
TCS,18,2571.39
TCS,19,2564.14
TCS,20,2557.1
TCS,21,2550.26
TCS,22,2543.59
TCS,23,2537.07
TCS,24,2530.7
TCS,25,2524.46
TCS,26,2518.34
TCS,27,2512.34
TCS,28,2506.46
TCS,29,2500.68
TCS,30,2495.0
HDFCBANK,1,867.16
HDFCBANK,2,863.1
HDFCBANK,3,858.45
HDFCBANK,4,853.39
HDFCBANK,5,848.07
HDFCBANK,6,842.62
HDFCBANK,7,837.13
HDFCBANK,8,831.65
HDFCBANK,9,826.61
HDFCBANK,10,821.84
HDFCBANK,11,817.14
HDFCBANK,12,812.51
HDFCBANK,13,807.99
HDFCBANK,14,803.56
HDFCBANK,15,799.24
HDFCBANK,16,795.03
HDFCBANK,17,790.91
HDFCBANK,18,786.9
HDFCBANK,19,782.98
HDFCBANK,20,779.15
HDFCBANK,21,775.4
HDFCBANK,22,771.74
HDFCBANK,23,768.15
HDFCBANK,24,764.64
HDFCBANK,25,761.2
HDFCBANK,26,757.82
HDFCBANK,27,754.51
HDFCBANK,28,751.26
HDFCBANK,29,748.07
HDFCBANK,30,744.94
INFY,1,1530.49
INFY,2,1513.56
INFY,3,1499.49
INFY,4,1487.86
INFY,5,1478.28
INFY,6,1470.37
INFY,7,1463.82
INFY,8,1458.35
INFY,9,1453.74
INFY,10,1449.79
INFY,11,1446.36
INFY,12,1443.33
INFY,13,1440.6
INFY,14,1438.11
INFY,15,1435.79
INFY,16,1433.61
INFY,17,1431.54
INFY,18,1429.55
INFY,19,1427.62
INFY,20,1425.74
INFY,21,1423.9
INFY,22,1422.09
INFY,23,1420.31
INFY,24,1418.55
INFY,25,1416.82
INFY,26,1415.1
INFY,27,1413.39
INFY,28,1411.7
INFY,29,1410.02
INFY,30,1408.35
HINDUNILVR,1,2378.69
HINDUNILVR,2,2371.07
HINDUNILVR,3,2362.51
HINDUNILVR,4,2354.57
HINDUNILVR,5,2347.97
HINDUNILVR,6,2342.95
HINDUNILVR,7,2339.48
HINDUNILVR,8,2337.43
HINDUNILVR,9,2336.61
HINDUNILVR,10,2336.79
HINDUNILVR,11,2337.79
HINDUNILVR,12,2339.45
HINDUNILVR,13,2341.6
HINDUNILVR,14,2344.12
HINDUNILVR,15,2346.91
HINDUNILVR,16,2349.88
HINDUNILVR,17,2352.96
HINDUNILVR,18,2356.1
HINDUNILVR,19,2359.26
HINDUNILVR,20,2362.41
HINDUNILVR,21,2365.52
HINDUNILVR,22,2368.57
HINDUNILVR,23,2371.56
HINDUNILVR,24,2374.48
HINDUNILVR,25,2377.33
HINDUNILVR,26,2380.09
HINDUNILVR,27,2382.79
HINDUNILVR,28,2385.41
HINDUNILVR,29,2387.95
HINDUNILVR,30,2390.42
ICICIBANK,1,1178.41
ICICIBANK,2,1176.56
ICICIBANK,3,1173.54
ICICIBANK,4,1169.36
ICICIBANK,5,1164.3
ICICIBANK,6,1158.59
ICICIBANK,7,1152.44
ICICIBANK,8,1146.02
ICICIBANK,9,1139.47
ICICIBANK,10,1132.9
ICICIBANK,11,1126.39
ICICIBANK,12,1119.98
ICICIBANK,13,1113.74
ICICIBANK,14,1107.67
ICICIBANK,15,1101.8
ICICIBANK,16,1096.14
ICICIBANK,17,1090.68
ICICIBANK,18,1085.43
ICICIBANK,19,1080.38
ICICIBANK,20,1075.53
ICICIBANK,21,1070.86
ICICIBANK,22,1066.37
ICICIBANK,23,1062.05
ICICIBANK,24,1057.89
ICICIBANK,25,1053.88
ICICIBANK,26,1050.02
ICICIBANK,27,1046.29
ICICIBANK,28,1042.7
ICICIBANK,29,1039.23
ICICIBANK,30,1035.87
BHARTIARTL,1,1545.5
BHARTIARTL,2,1541.31
BHARTIARTL,3,1534.27
BHARTIARTL,4,1525.37
BHARTIARTL,5,1515.24
BHARTIARTL,6,1504.35
BHARTIARTL,7,1493.06
BHARTIARTL,8,1481.64
BHARTIARTL,9,1470.27
BHARTIARTL,10,1459.08
BHARTIARTL,11,1448.16
BHARTIARTL,12,1437.57
BHARTIARTL,13,1427.33
BHARTIARTL,14,1417.45
BHARTIARTL,15,1407.94
BHARTIARTL,16,1398.8
BHARTIARTL,17,1390.01
BHARTIARTL,18,1381.56
BHARTIARTL,19,1373.44
BHARTIARTL,20,1365.64
BHARTIARTL,21,1358.14
BHARTIARTL,22,1350.91
BHARTIARTL,23,1343.96
BHARTIARTL,24,1337.27
BHARTIARTL,25,1330.82
BHARTIARTL,26,1324.61
BHARTIARTL,27,1318.62
BHARTIARTL,28,1312.85
BHARTIARTL,29,1307.27
BHARTIARTL,30,1301.89
SBIN,1,892.95
SBIN,2,894.45
SBIN,3,894.42
SBIN,4,893.03
SBIN,5,890.54
SBIN,6,887.21
SBIN,7,883.24
SBIN,8,878.82
SBIN,9,874.08
SBIN,10,869.14
SBIN,11,864.1
SBIN,12,859.03
SBIN,13,853.97
SBIN,14,848.98
SBIN,15,844.07
SBIN,16,839.27
SBIN,17,834.59
SBIN,18,830.05
SBIN,19,825.63
SBIN,20,821.35
SBIN,21,817.21
SBIN,22,813.2
SBIN,23,809.33
SBIN,24,805.58
SBIN,25,801.95
SBIN,26,798.45
SBIN,27,795.06
SBIN,28,791.78
SBIN,29,788.61
SBIN,30,785.54
LT,1,3516.48
LT,2,3517.26
LT,3,3515.38
LT,4,3511.94
LT,5,3507.39
LT,6,3502.07
LT,7,3496.23
LT,8,3490.06
LT,9,3483.7
LT,10,3477.22
LT,11,3470.71
LT,12,3464.23
LT,13,3457.8
LT,14,3451.45
LT,15,3445.22
LT,16,3439.11
LT,17,3433.13
LT,18,3427.3
LT,19,3421.62
LT,20,3416.1
LT,21,3410.73
LT,22,3405.51
LT,23,3400.45
LT,24,3395.55
LT,25,3390.8
LT,26,3386.19
LT,27,3381.74
LT,28,3377.42
LT,29,3373.25
LT,30,3369.22
ITC,1,320.39
ITC,2,320.89
ITC,3,321.33
ITC,4,321.74
ITC,5,322.16
ITC,6,322.6
ITC,7,323.07
ITC,8,323.56
ITC,9,324.08
ITC,10,324.62
ITC,11,325.17
ITC,12,325.74
ITC,13,326.31
ITC,14,326.89
ITC,15,327.48
ITC,16,328.07
ITC,17,328.67
ITC,18,329.27
ITC,19,329.87
ITC,20,330.47
ITC,21,331.07
ITC,22,331.67
ITC,23,332.28
ITC,24,332.88
ITC,25,333.49
ITC,26,334.09
ITC,27,334.7
ITC,28,335.31
ITC,29,335.92
ITC,30,336.53
