Ticker,actual,predicted
RELIANCE,1508.5251,1471.5823
RELIANCE,1487.0359,1473.1013
RELIANCE,1458.9978,1473.0998
RELIANCE,1456.6323,1470.0114
RELIANCE,1455.7111,1464.4827
RELIANCE,1445.726,1457.6132
RELIANCE,1473.9133,1449.5239
RELIANCE,1466.7668,1442.9782
RELIANCE,1465.4969,1437.3895
RELIANCE,1466.4432,1432.896
RELIANCE,1457.6283,1429.4423
RELIANCE,1463.8286,1426.301
RELIANCE,1480.014,1424.1917
RELIANCE,1487.4343,1424.0085
RELIANCE,1483.4502,1425.5135
RELIANCE,1488.007,1427.7311
RELIANCE,1491.9911,1430.4502
RELIANCE,1520.1039,1433.4598
RELIANCE,1470.7012,1438.1745
RELIANCE,1458.9978,1441.1018
RELIANCE,1458.9978,1441.4867
RELIANCE,1401.3781,1440.094
RELIANCE,1381.0094,1432.984
RELIANCE,1365.2722,1422.1012
RELIANCE,1391.7913,1409.4413
RELIANCE,1369.1318,1398.6992
RELIANCE,1365.5959,1388.2976
RELIANCE,1366.6417,1379.4142
RELIANCE,1367.0651,1372.1673
RELIANCE,1338.6785,1366.9907
RELIANCE,1348.6885,1361.9572
RELIANCE,1351.0292,1358.219
RELIANCE,1353.8927,1355.6238
RELIANCE,1363.7533,1354.0702
RELIANCE,1338.0061,1353.5129
RELIANCE,1333.2003,1352.0424
RELIANCE,1334.4703,1350.2962
RELIANCE,1322.5677,1348.4136
RELIANCE,1329.0419,1345.7182
RELIANCE,1334.6694,1342.9688
RELIANCE,1338.554,1340.5793
RELIANCE,1326.7511,1338.528
RELIANCE,1333.3248,1335.7273
RELIANCE,1296.9701,1333.1641
RELIANCE,1300.1075,1327.6756
RELIANCE,1320.0778,1321.1673
RELIANCE,1300.4562,1316.0843
RELIANCE,1278.6432,1310.6107
RELIANCE,1267.6371,1303.5276
RELIANCE,1269.181,1295.2847
RELIANCE,1247.0693,1287.4597
RELIANCE,1262.5575,1279.1471
RELIANCE,1262.5575,1272.6332
RELIANCE,1255.7347,1267.5419
RELIANCE,1236.7107,1263.5213
RELIANCE,1236.7107,1259.135
RELIANCE,1218.1349,1254.9899
RELIANCE,1260.3662,1250.2143
RELIANCE,1281.8802,1247.6852
RELIANCE,1290.5457,1247.5873
RELIANCE,1288.0555,1249.6532
RELIANCE,1265.7448,1252.9404
RELIANCE,1287.0596,1255.3163
RELIANCE,1303.9423,1258.2633
RELIANCE,1318.0359,1262.5305
RELIANCE,1303.7429,1268.2785
RELIANCE,1316.7909,1273.9296
RELIANCE,1306.3326,1279.5788
RELIANCE,1289.9979,1284.0443
RELIANCE,1279.7388,1286.4775
RELIANCE,1273.1152,1286.7529
RELIANCE,1257.8762,1285.206
RELIANCE,1267.7866,1281.6793
RELIANCE,1263.2548,1277.4379
RELIANCE,1240.3462,1272.7985
RELIANCE,1248.2645,1266.477
RELIANCE,1225.5552,1259.8992
RELIANCE,1200.5054,1251.4005
RELIANCE,1217.4377,1240.8803
RELIANCE,1217.8859,1231.4771
RELIANCE,1217.8859,1223.6612
RELIANCE,1211.7106,1217.7118
RELIANCE,1216.1927,1213.0792
RELIANCE,1205.8838,1209.8419
RELIANCE,1210.6149,1207.1888
RELIANCE,1216.3918,1205.539
RELIANCE,1236.8601,1204.7786
RELIANCE,1246.173,1205.7848
RELIANCE,1213.1548,1208.5677
RELIANCE,1235.9138,1209.9021
RELIANCE,1260.4658,1211.6882
RELIANCE,1249.7585,1215.6353
RELIANCE,1236.9597,1220.383
RELIANCE,1234.9178,1224.2425
RELIANCE,1233.8223,1227.073
RELIANCE,1247.2186,1228.931
RELIANCE,1261.412,1231.1391
RELIANCE,1297.1692,1234.4072
RELIANCE,1300.2568,1239.6985
RELIANCE,1268.6332,1245.9803
RELIANCE,1272.0197,1250.6951
RELIANCE,1258.6232,1253.6616
RELIANCE,1241.3423,1254.7923
RELIANCE,1224.4596,1253.6165
RELIANCE,1229.4896,1249.5058
RELIANCE,1230.5852,1243.7952
RELIANCE,1248.0654,1237.3628
RELIANCE,1260.0674,1232.1872
RELIANCE,1240.9438,1229.1424
RELIANCE,1280.0874,1226.4302
RELIANCE,1273.1152,1226.9521
RELIANCE,1276.452,1229.3628
RELIANCE,1261.661,1232.99
RELIANCE,1248.663,1236.0411
RELIANCE,1229.9377,1237.2883
RELIANCE,1211.7106,1235.391
RELIANCE,1211.2623,1230.0709
RELIANCE,1212.4077,1223.1307
RELIANCE,1220.0273,1215.9891
RELIANCE,1220.5254,1210.0925
RELIANCE,1222.5671,1205.4365
RELIANCE,1228.0951,1202.3823
RELIANCE,1223.2644,1201.0681
RELIANCE,1209.7185,1200.7669
RELIANCE,1199.2104,1200.0804
RELIANCE,1199.2104,1198.431
RELIANCE,1202.2981,1196.4155
RELIANCE,1195.3259,1194.5343
RELIANCE,1166.5907,1192.5413
RELIANCE,1157.278,1188.609
RELIANCE,1170.9235,1183.3829
RELIANCE,1204.7882,1178.5145
RELIANCE,1244.8284,1176.2809
RELIANCE,1233.4736,1178.8689
RELIANCE,1242.3383,1184.0394
RELIANCE,1252.0494,1190.7905
RELIANCE,1242.9359,1198.2632
RELIANCE,1242.9359,1205.0931
RELIANCE,1233.9218,1210.7975
RELIANCE,1233.9218,1214.9845
RELIANCE,1242.1888,1217.7679
RELIANCE,1264.1013,1219.5212
RELIANCE,1271.2726,1221.2621
RELIANCE,1296.9202,1223.1978
RELIANCE,1280.3364,1226.1044
RELIANCE,1267.9858,1229.2016
RELIANCE,1273.1152,1231.8227
RELIANCE,1270.0276,1234.0382
RELIANCE,1270.0276,1235.7545
RELIANCE,1247.6171,1237.0347
RELIANCE,1246.173,1236.9341
RELIANCE,1243.7327,1235.3588
RELIANCE,1199.9076,1232.2934
RELIANCE,1161.0627,1225.0029
RELIANCE,1177.4972,1213.1688
RELIANCE,1180.6346,1201.504
RELIANCE,1180.6346,1191.3633
RELIANCE,1214.101,1183.3098
RELIANCE,1214.101,1179.0089
RELIANCE,1235.1669,1177.3234
RELIANCE,1234.3701,1178.6842
RELIANCE,1269.4301,1181.7221
RELIANCE,1269.4301,1187.3818
RELIANCE,1290.3464,1194.5353
RELIANCE,1286.0636,1203.1342
RELIANCE,1294.8286,1211.6321
RELIANCE,1296.4222,1219.6428
RELIANCE,1295.2271,1226.7069
RELIANCE,1363.355,1232.4911
RELIANCE,1394.132,1239.1186
RELIANCE,1399.4109,1246.867
RELIANCE,1399.4109,1255.1116
RELIANCE,1414.1521,1262.895
RELIANCE,1425.6063,1270.3505
RELIANCE,1415.2477,1277.5243
RELIANCE,1400.4069,1284.4364
RELIANCE,1401.403,1290.9197
RELIANCE,1371.7214,1296.7591
RELIANCE,1430.7855,1301.5984
RELIANCE,1410.0682,1307.102
RELIANCE,1418.7338,1312.4358
RELIANCE,1448.4152,1318.3821
RELIANCE,1450.6064,1325.3904
RELIANCE,1435.0685,1333.0259
RELIANCE,1418.9329,1340.5999
RELIANCE,1423.5145,1347.3082
RELIANCE,1403.7935,1353.2154
RELIANCE,1421.1243,1357.2479
RELIANCE,1429.0924,1360.9017
RELIANCE,1416.4429,1364.2025
RELIANCE,1407.2795,1366.5509
RELIANCE,1412.16,1367.1374
RELIANCE,1415.2477,1366.8281
RELIANCE,1408.0763,1366.4888
RELIANCE,1399.9089,1365.8917
RELIANCE,1417.8373,1364.5599
RELIANCE,1436.6621,1364.3203
RELIANCE,1437.7577,1366.6176
RELIANCE,1443.0367,1370.6045
RELIANCE,1432.7776,1375.9614
RELIANCE,1443.1362,1380.9496
RELIANCE,1435.8652,1385.9294
RELIANCE,1422.2198,1390.2579
RELIANCE,1432.0804,1392.7743
RELIANCE,1425.5066,1394.8278
RELIANCE,1424.411,1396.0628
RELIANCE,1427.5984,1396.323
RELIANCE,1460.3674,1396.1148
RELIANCE,1451.0049,1398.5187
RELIANCE,1445.0287,1402.3285
RELIANCE,1461.4631,1405.9323
RELIANCE,1489.3517,1409.8513
RELIANCE,1509.3717,1415.2011
RELIANCE,1494.6306,1421.6667
RELIANCE,1522.3201,1427.6728
RELIANCE,1512.7583,1433.7603
RELIANCE,1511.7622,1439.1028
RELIANCE,1521.2245,1443.4481
RELIANCE,1535.3679,1446.8017
RELIANCE,1531.4834,1449.8206
RELIANCE,1512.9574,1452.3621
RELIANCE,1511.1646,1454.0529
RELIANCE,1489.2521,1454.8888
RELIANCE,1477.7977,1454.426
RELIANCE,1479.4911,1452.9019
RELIANCE,1479.6902,1450.5011
RELIANCE,1470.5269,1447.6342
RELIANCE,1470.1284,1443.9694
RELIANCE,1422.917,1439.8649
RELIANCE,1407.1799,1432.6012
RELIANCE,1418.9329,1423.4399
RELIANCE,1397.3192,1414.7673
RELIANCE,1386.1637,1405.8859
RELIANCE,1382.0801,1397.7246
RELIANCE,1411.4628,1390.6444
RELIANCE,1404.4906,1386.0522
RELIANCE,1384.6697,1382.6573
RELIANCE,1388.1558,1379.6469
RELIANCE,1405.885,1377.533
RELIANCE,1386.1637,1376.8897
RELIANCE,1387.2595,1375.9635
RELIANCE,1383.8729,1375.1651
RELIANCE,1362.3589,1374.2798
RELIANCE,1380.6857,1372.1106
RELIANCE,1374.9088,1370.2591
RELIANCE,1377.1,1368.0428
RELIANCE,1373.8,1366.1024
RELIANCE,1373.8,1364.224
RELIANCE,1381.7,1362.2391
RELIANCE,1420.1,1360.9724
RELIANCE,1413.0,1363.8859
RELIANCE,1424.8,1369.2411
RELIANCE,1409.2,1376.0763
RELIANCE,1412.6,1382.178
RELIANCE,1384.9,1387.008
RELIANCE,1384.9,1388.7016
RELIANCE,1385.9,1387.9566
RELIANCE,1357.2,1385.8106
RELIANCE,1353.9,1380.4908
RELIANCE,1366.5,1373.2248
RELIANCE,1372.6,1366.1245
RELIANCE,1359.3,1360.4571
RELIANCE,1375.0,1355.1396
RELIANCE,1378.5,1351.5276
RELIANCE,1376.2,1349.4581
RELIANCE,1377.0,1348.5433
RELIANCE,1383.3,1348.2621
RELIANCE,1395.0,1348.7006
RELIANCE,1399.3,1350.3327
RELIANCE,1405.3,1352.7688
RELIANCE,1413.8,1355.8876
RELIANCE,1415.0,1359.7494
RELIANCE,1407.4,1364.143
RELIANCE,1390.6,1368.2535
RELIANCE,1389.8,1371.0127
RELIANCE,1383.0,1372.4952
RELIANCE,1372.4,1372.6057
RELIANCE,1377.6,1371.0293
RELIANCE,1372.8,1368.5631
RELIANCE,1364.0,1365.1944
RELIANCE,1368.7,1360.6697
RELIANCE,1368.7,1355.9495
RELIANCE,1363.4,1351.4241
RELIANCE,1375.0,1346.975
RELIANCE,1384.8,1343.8112
RELIANCE,1367.4,1342.4387
RELIANCE,1377.8,1340.8225
RELIANCE,1381.7,1339.8023
RELIANCE,1375.0,1339.5935
RELIANCE,1375.9,1339.4605
RELIANCE,1374.3,1339.4616
RELIANCE,1398.3,1339.4345
RELIANCE,1416.8,1341.9956
RELIANCE,1466.8,1347.9546
RELIANCE,1465.2,1356.6697
RELIANCE,1465.2,1365.4528
RELIANCE,1448.4,1373.1114
RELIANCE,1451.6,1379.062
RELIANCE,1484.1,1383.5086
RELIANCE,1486.9,1387.5994
RELIANCE,1504.2,1391.2505
RELIANCE,1488.5,1394.9082
RELIANCE,1486.4,1398.127
RELIANCE,1484.7,1400.9254
RELIANCE,1473.1,1403.0557
RELIANCE,1473.1,1404.8273
RELIANCE,1496.1,1406.3884
RELIANCE,1478.0,1408.4562
RELIANCE,1489.3,1410.423
RELIANCE,1493.4,1412.6483
RELIANCE,1511.5,1415.0158
RELIANCE,1510.9,1418.3526
RELIANCE,1518.9,1422.4982
RELIANCE,1518.3,1427.6257
RELIANCE,1519.4,1432.9229
RELIANCE,1518.9,1437.8561
RELIANCE,1549.1,1442.0322
RELIANCE,1546.6,1446.6922
RELIANCE,1535.9,1451.5911
RELIANCE,1539.7,1456.0227
RELIANCE,1569.9,1459.7416
RELIANCE,1563.4,1463.8369
RELIANCE,1567.5,1467.9745
RELIANCE,1566.1,1471.9482
RELIANCE,1546.3,1475.4821
RELIANCE,1538.8,1478.2952
RELIANCE,1535.6,1480.2214
RELIANCE,1540.6,1481.0852
RELIANCE,1543.0,1481.4569
RELIANCE,1529.4,1481.6438
RELIANCE,1536.9,1480.8535
RELIANCE,1545.0,1479.6677
RELIANCE,1556.5,1478.9918
RELIANCE,1556.2,1479.6284
RELIANCE,1542.3,1481.1464
RELIANCE,1544.4,1482.1359
RELIANCE,1544.4,1482.4419
RELIANCE,1565.1,1482.3179
RELIANCE,1575.4,1483.9461
RELIANCE,1570.7,1487.6011
RELIANCE,1558.2,1491.966
RELIANCE,1558.2,1495.5042
RELIANCE,1559.2,1498.0713
RELIANCE,1545.6,1500.0439
RELIANCE,1539.8,1500.6762
RELIANCE,1570.4,1499.7128
RELIANCE,1575.6,1500.4324
RELIANCE,1592.3,1503.0846
RELIANCE,1578.1,1507.3758
RELIANCE,1507.6,1511.6621
RELIANCE,1504.2,1509.8896
RELIANCE,1470.6,1503.8581
RELIANCE,1475.3,1493.7273
RELIANCE,1483.2,1483.2013
RELIANCE,1452.8,1473.879
RELIANCE,1458.8,1464.2801
RELIANCE,1458.8,1456.0382
RELIANCE,1457.9,1449.2287
RELIANCE,1413.6,1444.027
RELIANCE,1394.0,1437.9303
RELIANCE,1404.6,1431.6954
RELIANCE,1402.5,1426.1645
RELIANCE,1386.1,1421.2431
RELIANCE,1386.1,1416.1769
RELIANCE,1380.5,1411.5818
RELIANCE,1396.7,1407.3848
RELIANCE,1391.0,1404.2428
RELIANCE,1395.4,1401.4533
RELIANCE,1390.4,1399.4138
RELIANCE,1437.1,1397.698
RELIANCE,1456.8,1398.227
RELIANCE,1443.4,1400.7825
RELIANCE,1450.8,1404.0656
RELIANCE,1461.6,1407.996
RELIANCE,1458.5,1412.5387
RELIANCE,1468.7,1417.1098
RELIANCE,1448.9,1421.6745
RELIANCE,1419.6,1425.2476
TCS,4241.0474,3797.5816
TCS,4237.9229,3801.0
TCS,4219.7437,3802.484
TCS,4212.9268,3801.1704
TCS,4268.127,3798.1169
TCS,4241.1421,3798.0842
TCS,4277.4526,3795.9315
TCS,4282.0923,3797.3559
TCS,4273.2397,3800.764
TCS,4266.0435,3804.2746
TCS,4115.0254,3807.0495
TCS,4067.6838,3792.3872
TCS,4057.0327,3770.0807
TCS,4041.5044,3744.8088
TCS,4044.1558,3719.3226
TCS,4047.4224,3696.7368
TCS,4064.2283,3677.9142
TCS,4079.5671,3664.5286
TCS,4041.5044,3656.7687
TCS,4059.8733,3649.9897
TCS,4059.8733,3647.2198
TCS,4007.6565,3646.2048
TCS,4026.1194,3642.8738
TCS,4045.6235,3641.3785
TCS,4027.0659,3642.1012
TCS,4026.7817,3642.4203
TCS,4002.5903,3643.1272
TCS,3928.5493,3642.0661
TCS,3916.6665,3634.5337
TCS,3897.8718,3623.5494
TCS,3877.1843,3608.4988
TCS,3890.4868,3591.1536
TCS,3913.3132,3575.998
TCS,3872.311,3565.8968
TCS,3811.2344,3555.5303
TCS,3859.4031,3542.2149
TCS,3841.9863,3534.2566
TCS,3851.1455,3527.2808
TCS,3882.7515,3522.9001
TCS,3867.9451,3523.3399
TCS,3876.8667,3524.556
TCS,3766.5776,3528.0063
TCS,3781.5266,3522.6686
TCS,3762.4963,3516.7171
TCS,3769.3303,3508.0904
TCS,3929.0688,3499.62
TCS,3939.7466,3507.6506
TCS,3936.0452,3522.3293
TCS,3985.1152,3539.9439
TCS,3983.8809,3562.0134
TCS,3939.2249,3583.2461
TCS,3935.0007,3598.7808
TCS,3935.0007,3610.0553
TCS,3815.031,3618.0667
TCS,3834.061,3613.0126
TCS,3834.061,3604.8427
TCS,3865.667,3594.4011
TCS,4028.6807,3585.911
TCS,4095.594,3590.8895
TCS,4131.2822,3603.8266
TCS,4112.1562,3621.395
TCS,4028.9651,3638.1619
TCS,4053.5945,3648.397
TCS,4059.1001,3657.4284
TCS,4083.8721,3663.6581
TCS,4132.895,3669.7893
TCS,4236.9663,3677.6485
TCS,4219.3604,3690.5869
TCS,4225.6724,3703.0003
TCS,4207.0693,3715.5431
TCS,4202.229,3725.8472
TCS,4228.3296,3734.327
TCS,4246.3159,3742.5042
TCS,4190.6021,3750.4848
TCS,4108.312,3753.8772
TCS,4126.6787,3750.5009
TCS,4054.5913,3746.3476
TCS,3958.1599,3734.8069
TCS,3946.77,3713.9464
TCS,3966.8921,3689.9557
TCS,3966.8921,3667.0868
TCS,3957.021,3646.323
TCS,3952.9873,3627.8446
TCS,3947.2446,3612.1334
TCS,3886.5005,3599.0507
TCS,3903.2527,3584.4736
TCS,3963.3323,3573.2122
TCS,3891.3406,3568.5398
TCS,3886.6904,3562.4056
TCS,3823.3831,3557.5983
TCS,3899.4084,3549.7417
TCS,3833.3967,3547.6642
TCS,4048.6597,3542.7167
TCS,4072.8149,3553.2521
TCS,4017.7175,3569.8489
TCS,4033.4258,3585.2131
TCS,3992.3284,3601.682
TCS,3986.5288,3614.2531
TCS,3941.5823,3623.4994
TCS,3901.0334,3626.3557
TCS,4017.7498,3622.397
TCS,4006.9724,3624.8641
TCS,4013.6426,3626.5911
TCS,3929.3547,3630.3454
TCS,3905.3352,3627.5011
TCS,3962.8472,3620.5501
TCS,3963.0886,3616.176
TCS,3975.0261,3612.181
TCS,3932.7378,3610.0739
TCS,3969.855,3604.9572
TCS,3954.438,3602.1451
TCS,3946.3672,3598.7829
TCS,3894.7988,3594.0946
TCS,3902.0969,3583.9559
TCS,3831.1489,3572.632
TCS,3818.1963,3554.3849
TCS,3779.5327,3534.4744
TCS,3803.4075,3512.1318
TCS,3774.0715,3493.9289
TCS,3743.8169,3476.295
TCS,3657.6934,3459.4202
TCS,3653.1501,3438.8079
TCS,3659.5298,3419.5805
TCS,3552.8179,3403.4956
TCS,3508.3059,3383.6862
TCS,3508.3059,3363.8855
TCS,3491.8735,3346.697
TCS,3366.8931,3331.1096
TCS,3376.366,3311.6022
TCS,3414.063,3294.0978
TCS,3428.5618,3281.1043
TCS,3481.2896,3272.0377
TCS,3490.5688,3269.4888
TCS,3469.7385,3270.4104
TCS,3455.8682,3273.2536
TCS,3389.0764,3276.7793
TCS,3393.7644,3275.5506
TCS,3393.7644,3272.7752
TCS,3380.8604,3268.1063
TCS,3380.8604,3261.7502
TCS,3380.2803,3254.7461
TCS,3444.1238,3247.3319
TCS,3458.575,3247.1273
TCS,3507.7256,3251.3599
TCS,3535.5637,3263.645
TCS,3514.3469,3281.3043
TCS,3529.2327,3297.6264
TCS,3485.6875,3313.9539
TCS,3485.6875,3323.5841
TCS,3432.1865,3329.2861
TCS,3425.5657,3325.9073
TCS,3289.4683,3317.7208
TCS,3189.1843,3294.0518
TCS,3164.6814,3258.7066
TCS,3182.9497,3221.4341
TCS,3138.1482,3187.2438
TCS,3138.1482,3153.2074
TCS,3123.5527,3123.3684
TCS,3123.5527,3097.084
TCS,3139.6948,3076.8608
TCS,3164.4395,3062.6881
TCS,3188.7012,3054.4824
TCS,3188.7012,3051.4443
TCS,3210.6428,3051.0733
TCS,3203.6836,3055.1105
TCS,3298.9897,3060.0336
TCS,3287.9707,3073.834
TCS,3332.8206,3088.4213
TCS,3328.4707,3106.4496
TCS,3356.5022,3124.0539
TCS,3338.3301,3143.1172
TCS,3338.3301,3159.8041
TCS,3316.3884,3174.3096
TCS,3338.9099,3183.7477
TCS,3344.4197,3191.9094
TCS,3330.0173,3198.07
TCS,3333.6902,3201.5013
TCS,3325.3779,3203.3659
TCS,3499.4614,3203.3221
TCS,3397.5825,3215.5822
TCS,3430.1567,3221.5837
TCS,3460.3142,3229.2655
TCS,3442.3357,3238.487
TCS,3401.2556,3246.1682
TCS,3381.4402,3249.4818
TCS,3408.0215,3248.8324
TCS,3360.8518,3248.6882
TCS,3397.1958,3243.0944
TCS,3419.1375,3239.6415
TCS,3381.8269,3239.6398
TCS,3380.8604,3236.6835
TCS,3381.2471,3233.3726
TCS,3347.7061,3229.8479
TCS,3334.5605,3222.157
TCS,3291.4502,3211.3986
TCS,3297.0088,3194.728
TCS,3287.4519,3177.5275
TCS,3300.2268,3159.6438
TCS,3336.9915,3144.8134
TCS,3376.9741,3137.1188
TCS,3385.7507,3138.3459
TCS,3348.9861,3145.5965
TCS,3360.2009,3151.6077
TCS,3409.5454,3158.9621
TCS,3428.074,3172.8029
TCS,3365.7593,3190.4196
TCS,3339.0393,3201.1363
TCS,3350.449,3204.8341
TCS,3309.3938,3205.8496
TCS,3306.2729,3200.3761
TCS,3359.3232,3192.2049
TCS,3356.3977,3190.5523
TCS,3355.7153,3191.7114
TCS,3376.0964,3194.9657
TCS,3344.5981,3202.1668
TCS,3338.3567,3206.1813
TCS,3316.415,3207.5197
TCS,3334.9436,3203.3525
TCS,3327.0447,3199.3421
TCS,3321.6809,3193.7023
TCS,3299.8369,3187.2376
TCS,3298.0813,3177.6577
TCS,3184.9597,3167.2586
TCS,3142.7341,3144.1833
TCS,3171.5999,3115.519
TCS,3163.5762,3090.0522
TCS,3140.1899,3067.9084
TCS,3121.3049,3047.7648
TCS,3090.2866,3029.4838
TCS,3091.6567,3011.89
TCS,3110.7373,2997.3951
TCS,3080.3062,2988.8267
TCS,3068.3684,2981.2189
TCS,3013.0833,2974.5331
TCS,2990.2844,2965.1698
TCS,2987.936,2954.3977
TCS,2971.4973,2943.9295
TCS,2938.4241,2933.4287
TCS,3008.2886,2921.6743
TCS,2998.0144,2917.3523
TCS,2967.094,2915.7476
TCS,2981.478,2913.5319
TCS,2971.1057,2912.5966
TCS,2975.4114,2910.9631
TCS,2970.1272,2909.581
TCS,2970.9102,2907.5771
TCS,2957.3091,2905.3379
TCS,2957.3091,2901.1432
TCS,2946.4478,2896.011
TCS,2951.3403,2889.382
TCS,3031.9683,2882.9784
TCS,3035.8826,2890.5301
TCS,2988.3274,2905.1695
TCS,3073.0652,2915.6408
TCS,3089.3083,2937.2032
TCS,3089.3083,2961.7929
TCS,3027.1736,2985.0449
TCS,3018.3672,2997.4449
TCS,3045.6672,3002.5143
TCS,3044.5908,3006.0569
TCS,3030.8918,3007.5537
TCS,3029.1309,3006.2084
TCS,2982.75,3002.9853
TCS,2954.0801,2992.336
TCS,2983.8262,2975.6338
TCS,3043.1233,2960.5354
TCS,3057.0178,2954.4974
TCS,3066.02,2954.6505
TCS,3044.9822,2959.5444
TCS,3078.0557,2963.8115
TCS,3104.5728,2972.3231
TCS,3108.3889,2985.2921
TCS,3101.05,2999.7469
TCS,3007.7017,3012.6425
TCS,2996.5466,3011.2024
TCS,2970.1272,3001.899
TCS,2893.8044,2985.1571
TCS,2836.7585,2958.5801
TCS,2833.8228,2924.5314
TCS,2826.2883,2889.9521
TCS,2851.5337,2857.6172
TCS,2851.5337,2834.6793
TCS,2839.498,2817.0258
TCS,2924.1379,2802.6334
TCS,2909.7539,2799.0374
TCS,2962.1035,2800.0152
TCS,2995.8618,2807.8138
TCS,2963.1799,2820.81
TCS,2942.5339,2832.5014
TCS,2896.6423,2843.1395
TCS,2916.7764,2847.3736
TCS,2917.6602,2850.3794
TCS,2909.3118,2852.0293
TCS,2961.3655,2852.1448
TCS,2953.0173,2857.9799
TCS,2953.0173,2864.7734
TCS,3018.3301,2872.4384
TCS,3008.5085,2886.7438
TCS,3029.821,2901.272
TCS,3003.3032,2917.0228
TCS,3003.0088,2928.5277
TCS,2981.1067,2937.4029
TCS,3003.4014,2940.9871
TCS,2962.937,2944.4754
TCS,2936.812,2942.2209
TCS,2936.812,2933.4533
TCS,2957.1423,2921.7874
TCS,2938.3835,2912.5749
TCS,2971.187,2902.4736
TCS,2992.5979,2897.875
TCS,3075.8838,2899.1281
TCS,3050.2498,2913.5066
TCS,3050.5444,2929.4799
TCS,3046.8123,2945.9244
TCS,3031.9819,2960.7669
TCS,3091.4998,2971.6952
TCS,3088.6519,2986.3428
TCS,3094.3481,3000.4634
TCS,3085.116,3014.013
TCS,3063.5088,3024.8104
TCS,3106.4285,3030.9045
TCS,3080.5981,3038.7851
TCS,3081.4819,3042.9633
TCS,3077.4551,3045.9082
TCS,3079.7141,3047.1084
TCS,3123.2231,3047.4031
TCS,3171.5447,3051.8122
TCS,3180.384,3062.1314
TCS,3178.7144,3075.4224
TCS,3151.0181,3089.3528
TCS,3132.259,3099.5957
TCS,3134.9106,3105.1595
TCS,3163.0,3107.7733
TCS,3172.5269,3111.6535
TCS,3147.8752,3116.51
TCS,3160.3484,3118.174
TCS,3222.2236,3120.013
TCS,3223.4021,3128.0358
TCS,3265.5361,3138.0658
TCS,3250.9021,3152.1459
TCS,3259.7415,3164.6883
TCS,3259.7415,3176.7364
TCS,3221.4377,3187.074
TCS,3193.4465,3191.3576
TCS,3188.8306,3189.2465
TCS,3148.9553,3182.7581
TCS,3169.7769,3168.4267
TCS,3192.6609,3154.8602
TCS,3158.6787,3144.372
TCS,3197.6699,3131.6708
TCS,3236.7593,3124.1017
TCS,3146.6963,3123.8962
TCS,3150.5269,3115.557
TCS,3181.7593,3105.0597
TCS,3209.6521,3097.3777
TCS,3135.5,3094.6909
TCS,3135.5,3084.6526
TCS,3206.7,3072.6752
TCS,3163.6001,3069.1774
TCS,3102.3,3064.1136
TCS,3122.6001,3051.9816
TCS,3150.3999,3040.0754
TCS,3162.5,3032.2024
TCS,3162.5,3028.8481
TCS,3158.0,3028.3297
TCS,3200.1001,3028.982
TCS,3144.3999,3036.3645
TCS,3123.8999,3038.1806
TCS,3169.6001,3034.9545
TCS,3225.3,3035.6758
TCS,2999.1001,3045.3618
TCS,2991.5,3031.6954
TCS,2941.6001,3009.6058
TCS,2948.2,2980.077
TCS,2984.6001,2950.5335
TCS,2909.8,2926.9109
TCS,2750.1001,2902.958
TCS,2692.2,2872.1685
HDFCBANK,809.9519,780.3055
HDFCBANK,811.7525,780.7365
HDFCBANK,807.5592,781.4119
HDFCBANK,812.2706,781.6586
HDFCBANK,814.1699,782.3897
HDFCBANK,810.9879,783.3849
HDFCBANK,822.1865,783.9658
HDFCBANK,821.8658,786.1764
HDFCBANK,824.3325,788.165
HDFCBANK,823.2719,790.0844
HDFCBANK,836.0984,791.6273
HDFCBANK,842.8571,794.0622
HDFCBANK,858.989,796.8374
HDFCBANK,868.1651,800.3055
HDFCBANK,872.235,804.1289
HDFCBANK,877.6863,808.0836
HDFCBANK,879.8323,812.0135
HDFCBANK,864.6377,815.8935
HDFCBANK,854.4751,818.3968
HDFCBANK,851.5891,819.6041
HDFCBANK,851.5891,819.8629
HDFCBANK,829.7838,819.7046
HDFCBANK,817.7712,817.8541
HDFCBANK,798.1119,814.806
HDFCBANK,814.5153,810.2077
HDFCBANK,805.6846,806.1111
HDFCBANK,820.1145,801.9444
HDFCBANK,814.4905,799.2354
HDFCBANK,832.7932,796.7759
HDFCBANK,830.8198,795.4886
HDFCBANK,838.5652,794.8551
HDFCBANK,825.4178,795.0634
HDFCBANK,829.7098,794.8687
HDFCBANK,852.8224,794.6986
HDFCBANK,845.8418,795.5768
HDFCBANK,856.3251,796.8164
HDFCBANK,863.1577,798.6089
HDFCBANK,860.0744,801.1893
HDFCBANK,855.5357,803.9288
HDFCBANK,864.243,806.7413
HDFCBANK,855.733,809.7626
HDFCBANK,856.2758,812.1121
HDFCBANK,857.0651,813.8571
HDFCBANK,845.6198,815.1786
HDFCBANK,867.203,815.6217
HDFCBANK,865.9203,816.9099
HDFCBANK,861.6284,818.2657
HDFCBANK,865.5256,819.375
HDFCBANK,871.3717,820.5737
HDFCBANK,847.6425,821.9921
HDFCBANK,829.4631,821.4695
HDFCBANK,835.0872,818.8915
HDFCBANK,835.0872,815.9388
HDFCBANK,841.1797,812.7445
HDFCBANK,859.5071,810.1105
HDFCBANK,859.5071,809.787
HDFCBANK,858.989,810.1933
HDFCBANK,861.1597,810.874
HDFCBANK,880.8929,811.9125
HDFCBANK,880.8683,814.8905
HDFCBANK,894.0649,817.9849
HDFCBANK,884.6176,821.4935
HDFCBANK,886.0483,824.2314
HDFCBANK,890.3156,826.6774
HDFCBANK,900.9716,829.0807
HDFCBANK,917.6462,832.0593
HDFCBANK,920.4335,835.7611
HDFCBANK,915.5495,839.5254
HDFCBANK,922.5302,842.8283
HDFCBANK,921.5928,846.3414
HDFCBANK,919.1262,849.5645
HDFCBANK,917.2269,852.4488
HDFCBANK,923.3935,854.6884
HDFCBANK,920.1622,856.7386
HDFCBANK,904.4003,858.2778
HDFCBANK,893.2756,858.5194
HDFCBANK,884.7903,857.6631
HDFCBANK,873.937,855.699
HDFCBANK,888.4903,852.4003
HDFCBANK,887.0596,849.797
HDFCBANK,887.0596,847.4542
HDFCBANK,883.4337,845.447
HDFCBANK,887.1337,843.3647
HDFCBANK,877.0944,841.8194
HDFCBANK,874.603,839.8603
HDFCBANK,879.487,837.6806
HDFCBANK,884.9136,835.8545
HDFCBANK,862.9357,834.6137
HDFCBANK,843.8438,832.1236
HDFCBANK,845.2744,828.9623
HDFCBANK,835.8519,825.5838
HDFCBANK,822.7786,821.9088
HDFCBANK,817.3272,817.6361
HDFCBANK,804.5499,813.0754
HDFCBANK,812.3199,808.0147
HDFCBANK,810.5686,803.4193
HDFCBANK,815.0086,799.3672
HDFCBANK,807.4606,796.13
HDFCBANK,814.6139,793.0251
HDFCBANK,810.2479,790.5004
HDFCBANK,821.9152,788.3455
HDFCBANK,821.3479,787.1716
HDFCBANK,813.8986,786.5213
HDFCBANK,804.0319,785.8002
HDFCBANK,824.0612,784.5043
HDFCBANK,827.4651,784.3183
HDFCBANK,834.4705,784.967
HDFCBANK,838.0471,786.5282
HDFCBANK,827.8105,788.685
HDFCBANK,848.9745,790.5743
HDFCBANK,857.3118,794.0144
HDFCBANK,860.2964,798.0621
HDFCBANK,854.8204,802.1084
HDFCBANK,846.4337,805.3205
HDFCBANK,839.3544,807.2095
HDFCBANK,842.0184,808.1175
HDFCBANK,837.5291,808.6479
HDFCBANK,836.1231,808.5541
HDFCBANK,847.2231,808.0505
HDFCBANK,850.0351,807.9614
HDFCBANK,852.0824,808.3483
HDFCBANK,832.2998,809.1665
HDFCBANK,834.9638,808.5767
HDFCBANK,827.3665,807.7008
HDFCBANK,829.9565,805.717
HDFCBANK,829.9565,803.5676
HDFCBANK,839.0092,801.4137
HDFCBANK,854.6478,800.5609
HDFCBANK,839.4285,801.2461
HDFCBANK,843.5971,801.3762
HDFCBANK,833.7305,801.7483
HDFCBANK,834.3224,801.571
HDFCBANK,833.3605,801.0972
HDFCBANK,832.4971,800.5255
HDFCBANK,831.5105,799.8091
HDFCBANK,844.1644,799.0483
HDFCBANK,841.9198,799.4409
HDFCBANK,841.9198,800.0811
HDFCBANK,843.7944,800.9334
HDFCBANK,843.7944,801.9439
HDFCBANK,860.4197,803.3663
HDFCBANK,872.5804,806.3152
HDFCBANK,873.3697,810.0406
HDFCBANK,887.9969,813.6621
HDFCBANK,898.5789,817.8007
HDFCBANK,891.2283,822.1675
HDFCBANK,900.5029,825.9455
HDFCBANK,901.9089,829.7388
HDFCBANK,901.9089,833.2226
HDFCBANK,872.1364,836.3312
HDFCBANK,886.4677,837.0876
HDFCBANK,885.4563,837.8686
HDFCBANK,896.5316,838.4206
HDFCBANK,867.129,839.3608
HDFCBANK,872.7777,838.6631
HDFCBANK,870.7303,837.8655
HDFCBANK,870.7303,836.6284
HDFCBANK,891.327,835.3229
HDFCBANK,891.327,835.3674
HDFCBANK,920.0142,835.8909
HDFCBANK,926.4768,838.1337
HDFCBANK,940.6354,841.2624
HDFCBANK,940.6354,845.3014
HDFCBANK,950.6994,849.5806
HDFCBANK,967.7687,853.8033
HDFCBANK,949.1208,858.4009
HDFCBANK,945.6181,861.7795
HDFCBANK,942.8554,864.4199
HDFCBANK,947.2954,866.6061
HDFCBANK,941.6715,868.5495
HDFCBANK,949.6634,870.1842
HDFCBANK,949.6634,871.9778
HDFCBANK,948.1341,873.7719
HDFCBANK,955.4847,875.334
HDFCBANK,952.9687,877.128
HDFCBANK,959.826,878.8808
HDFCBANK,951.3901,880.6536
HDFCBANK,932.2488,881.6444
HDFCBANK,965.5486,880.9479
HDFCBANK,948.4794,882.0106
HDFCBANK,942.5594,881.7903
HDFCBANK,954.0048,880.8943
HDFCBANK,954.4487,880.9273
HDFCBANK,956.4221,881.0993
HDFCBANK,944.6808,881.6731
HDFCBANK,950.5515,881.1708
HDFCBANK,947.1475,881.2666
HDFCBANK,953.906,880.9581
HDFCBANK,957.162,881.0642
HDFCBANK,950.3048,881.961
HDFCBANK,948.9235,882.0515
HDFCBANK,950.8967,881.8051
HDFCBANK,959.4808,881.8636
HDFCBANK,953.1661,882.9153
HDFCBANK,949.4661,883.4139
HDFCBANK,957.6554,883.2967
HDFCBANK,961.7994,884.0775
HDFCBANK,976.1553,885.282
HDFCBANK,976.254,887.8495
HDFCBANK,969.5447,890.4706
HDFCBANK,962.1941,892.2076
HDFCBANK,958.7407,892.8594
HDFCBANK,946.0128,892.8146
HDFCBANK,954.7941,891.376
HDFCBANK,951.9327,890.4154
HDFCBANK,954.0541,889.2269
HDFCBANK,954.7448,888.3558
HDFCBANK,969.2487,887.6742
HDFCBANK,961.2073,888.7224
HDFCBANK,967.374,889.3136
HDFCBANK,976.8953,890.3997
HDFCBANK,997.418,892.1881
HDFCBANK,1004.9492,895.1608
HDFCBANK,998.2658,898.2956
HDFCBANK,1003.5526,900.9783
HDFCBANK,990.535,903.6139
HDFCBANK,991.0836,905.1484
HDFCBANK,992.181,906.292
HDFCBANK,991.2333,907.3589
HDFCBANK,998.2159,908.1038
HDFCBANK,1003.1037,909.0833
HDFCBANK,1000.6099,910.355
HDFCBANK,989.3879,911.665
HDFCBANK,989.0388,912.246
HDFCBANK,995.2733,912.5256
HDFCBANK,995.6722,913.0581
HDFCBANK,990.9839,913.3955
HDFCBANK,976.2705,913.1816
HDFCBANK,997.767,911.538
HDFCBANK,1001.0588,911.3577
HDFCBANK,1009.6375,911.8104
HDFCBANK,1004.6,913.3003
HDFCBANK,1002.3,914.3285
HDFCBANK,1004.25,914.9517
HDFCBANK,1010.8,915.6289
HDFCBANK,1012.9,916.9199
HDFCBANK,1009.1,918.3197
HDFCBANK,1006.1,919.1705
HDFCBANK,996.0,919.3465
HDFCBANK,988.8,918.5673
HDFCBANK,992.65,917.0297
HDFCBANK,997.7,915.9148
HDFCBANK,986.95,915.3783
HDFCBANK,997.8,913.8856
HDFCBANK,984.95,913.3652
HDFCBANK,990.15,911.9334
HDFCBANK,995.55,911.006
HDFCBANK,995.55,910.6956
HDFCBANK,1001.8,910.4411
HDFCBANK,995.55,910.8195
HDFCBANK,994.1,910.5785
HDFCBANK,995.6,910.2144
HDFCBANK,982.3,910.119
HDFCBANK,982.05,908.6112
HDFCBANK,973.4,907.0979
HDFCBANK,973.4,904.7447
HDFCBANK,957.8,902.4071
HDFCBANK,951.6,899.1313
HDFCBANK,950.6,895.5583
HDFCBANK,944.5,892.1996
HDFCBANK,954.45,888.6742
HDFCBANK,961.25,886.1496
HDFCBANK,963.4,884.6875
HDFCBANK,966.0,883.7884
HDFCBANK,965.15,883.5218
HDFCBANK,965.9,883.6012
HDFCBANK,967.8,884.0266
HDFCBANK,967.3,884.6074
HDFCBANK,967.05,885.1547
HDFCBANK,966.85,885.7028
HDFCBANK,966.5,886.1667
HDFCBANK,976.9,886.691
HDFCBANK,966.9,888.5236
HDFCBANK,964.2,889.5156
HDFCBANK,957.2,890.0851
HDFCBANK,951.05,889.66
HDFCBANK,949.85,888.302
HDFCBANK,945.05,886.6006
HDFCBANK,950.3,884.3202
HDFCBANK,951.0,882.6298
HDFCBANK,965.25,881.1427
HDFCBANK,965.25,881.6126
HDFCBANK,965.15,882.7008
HDFCBANK,973.45,883.9478
HDFCBANK,982.5,886.1223
HDFCBANK,978.7,889.083
HDFCBANK,977.1,891.5097
HDFCBANK,980.9,893.4768
HDFCBANK,977.0,895.3782
HDFCBANK,977.15,896.6772
HDFCBANK,978.25,897.7025
HDFCBANK,994.35,898.7552
HDFCBANK,1002.55,900.9254
HDFCBANK,1002.95,903.5561
HDFCBANK,1007.7,906.2068
HDFCBANK,1007.7,909.044
HDFCBANK,1008.8,911.6588
HDFCBANK,994.75,914.0311
HDFCBANK,1002.95,914.9567
HDFCBANK,1003.55,915.8862
HDFCBANK,1007.85,916.6087
HDFCBANK,998.15,917.4337
HDFCBANK,987.3,917.4892
HDFCBANK,992.65,916.5151
HDFCBANK,985.25,915.8496
HDFCBANK,985.25,914.6051
HDFCBANK,984.65,913.2554
HDFCBANK,982.3,911.8419
HDFCBANK,984.5,910.0766
HDFCBANK,991.7,908.6032
HDFCBANK,989.5,908.0051
HDFCBANK,986.65,907.4634
HDFCBANK,989.6,906.6877
HDFCBANK,996.55,906.2038
HDFCBANK,992.45,906.6833
HDFCBANK,994.6,906.874
HDFCBANK,1008.85,907.3627
HDFCBANK,998.05,909.4476
HDFCBANK,999.15,910.3765
HDFCBANK,989.8,911.3056
HDFCBANK,1003.9,911.2518
HDFCBANK,1009.5,912.5559
HDFCBANK,1007.6,914.3505
HDFCBANK,1002.1,915.8426
HDFCBANK,989.8,916.6459
HDFCBANK,1000.5,915.9113
HDFCBANK,997.2,915.8795
HDFCBANK,1003.3,915.6806
HDFCBANK,1003.1,916.0674
HDFCBANK,997.1,916.4511
HDFCBANK,989.8,915.9691
HDFCBANK,1000.3,914.6563
HDFCBANK,1001.5,914.5565
HDFCBANK,996.1,914.755
HDFCBANK,994.3,914.2697
HDFCBANK,984.0,913.3176
HDFCBANK,979.7,911.2762
HDFCBANK,985.5,908.8332
HDFCBANK,987.7,907.238
HDFCBANK,996.6,906.1849
HDFCBANK,997.2,906.2484
HDFCBANK,997.2,906.5836
HDFCBANK,992.1,907.2178
HDFCBANK,991.7,907.3801
HDFCBANK,990.9,907.4183
HDFCBANK,991.2,907.2807
HDFCBANK,991.15,907.0527
HDFCBANK,1001.6,906.747
HDFCBANK,977.5,907.9686
HDFCBANK,962.2,906.3957
HDFCBANK,949.05,903.3948
HDFCBANK,946.7,899.7077
HDFCBANK,939.0,895.912
HDFCBANK,936.95,891.7621
HDFCBANK,937.35,887.5773
HDFCBANK,925.45,883.6106
HDFCBANK,925.45,879.3717
HDFCBANK,931.1,875.294
HDFCBANK,927.9,872.1623
HDFCBANK,931.2,869.1848
HDFCBANK,920.35,866.7295
HDFCBANK,918.7,864.1456
HDFCBANK,916.1,861.6325
HDFCBANK,916.1,859.1385
HDFCBANK,926.4,856.8354
HDFCBANK,932.7,855.745
HDFCBANK,935.5,855.6429
HDFCBANK,929.25,856.3424
HDFCBANK,928.1,857.1182
HDFCBANK,948.7,857.9078
HDFCBANK,953.1,860.9374
HDFCBANK,949.7,864.5868
HDFCBANK,941.1,867.8735
HDFCBANK,937.25,870.0042
HDFCBANK,932.4,871.2433
HDFCBANK,927.1,871.6873
HDFCBANK,920.6,871.3184
HDFCBANK,903.9,870.0531
INFY,1846.1709,1786.1422
INFY,1856.4464,1792.3381
INFY,1826.3883,1798.1092
INFY,1819.474,1800.9867
INFY,1836.4237,1802.3085
INFY,1834.3589,1803.4641
INFY,1873.0599,1803.6855
INFY,1866.9619,1806.0339
INFY,1872.868,1808.0618
INFY,1875.0767,1811.0322
INFY,1817.0732,1814.5379
INFY,1819.0417,1813.6684
INFY,1830.1337,1812.1408
INFY,1821.2025,1810.0553
INFY,1823.2672,1806.1059
INFY,1820.0983,1801.849
INFY,1824.8518,1797.1689
INFY,1831.094,1793.3522
INFY,1801.1799,1790.6238
INFY,1828.7892,1785.8571
INFY,1828.7892,1784.1314
INFY,1818.2736,1782.6397
INFY,1842.0416,1780.8534
INFY,1857.5508,1781.9786
INFY,1871.2354,1785.2372
INFY,1875.2687,1790.6085
INFY,1842.8579,1797.0621
INFY,1858.319,1801.4488
INFY,1881.1747,1807.1141
INFY,1881.559,1814.0717
INFY,1843.9143,1820.9268
INFY,1890.0096,1824.2226
INFY,1805.0211,1830.2305
INFY,1779.2366,1828.48
INFY,1778.1321,1823.1741
INFY,1799.0673,1815.811
INFY,1789.4159,1808.2937
INFY,1788.1676,1799.231
INFY,1791.3367,1790.3487
INFY,1786.4318,1782.3771
INFY,1750.301,1775.0674
INFY,1706.7402,1766.6099
INFY,1710.2366,1757.233
INFY,1712.9562,1747.9983
INFY,1703.7777,1738.8269
INFY,1771.2802,1729.6154
INFY,1751.2238,1724.6488
INFY,1777.3505,1719.7017
INFY,1806.6338,1717.966
INFY,1815.0837,1720.3083
INFY,1814.6953,1725.5506
INFY,1810.9559,1732.183
INFY,1810.9559,1739.6048
INFY,1759.3822,1747.3456
INFY,1772.2999,1751.1826
INFY,1772.2999,1754.7192
INFY,1781.3326,1757.2669
INFY,1847.5723,1759.2006
INFY,1835.3831,1764.8024
INFY,1868.8428,1769.574
INFY,1869.1827,1776.4469
INFY,1803.283,1783.3772
INFY,1804.4485,1786.6563
INFY,1825.7677,1789.4383
INFY,1837.714,1792.2349
INFY,1834.9459,1794.9893
INFY,1879.2352,1796.9353
INFY,1867.1432,1801.5494
INFY,1868.3572,1805.7018
INFY,1892.5415,1809.9312
INFY,1917.4056,1815.7052
INFY,1929.8862,1822.6024
INFY,1942.2212,1829.4825
INFY,1923.1361,1836.6914
INFY,1919.7853,1842.8548
INFY,1922.262,1848.4691
INFY,1890.259,1853.5099
INFY,1866.9003,1856.3669
INFY,1868.9885,1856.7529
INFY,1854.1769,1855.8734
INFY,1854.1769,1852.9217
INFY,1852.5743,1849.0173
INFY,1861.6555,1844.1555
INFY,1851.2145,1839.3813
INFY,1825.9618,1833.664
INFY,1828.39,1826.3202
INFY,1901.5742,1819.1405
INFY,1883.0232,1817.1859
INFY,1882.149,1815.0026
INFY,1875.3502,1814.3577
INFY,1877.5841,1814.4109
INFY,1862.1898,1815.5055
INFY,1910.4125,1816.0638
INFY,1905.7991,1820.7846
INFY,1884.2859,1825.7213
INFY,1893.6099,1829.4036
INFY,1873.0192,1833.9973
INFY,1763.2672,1836.9887
INFY,1761.1792,1830.9849
INFY,1748.9412,1823.008
INFY,1803.0887,1812.1043
INFY,1811.83,1803.377
INFY,1821.5426,1794.6066
INFY,1769.629,1787.5208
INFY,1777.1562,1779.2194
INFY,1827.1759,1772.4866
INFY,1806.488,1769.2157
INFY,1825.7677,1765.8998
INFY,1809.7419,1764.7173
INFY,1844.2216,1763.8998
INFY,1842.5217,1765.8786
INFY,1860.5872,1768.9431
INFY,1848.932,1773.8811
INFY,1826.2533,1778.9211
INFY,1821.7369,1782.5486
INFY,1809.5963,1785.6319
INFY,1790.2683,1787.5704
INFY,1803.0403,1787.1613
INFY,1789.3455,1786.8331
INFY,1798.7181,1784.3126
INFY,1758.751,1781.7901
INFY,1772.6885,1775.3255
INFY,1762.8302,1769.6438
INFY,1713.3932,1763.145
INFY,1716.8898,1753.6375
INFY,1716.8898,1744.4778
INFY,1713.5875,1735.3316
INFY,1639.1892,1726.3591
INFY,1659.4885,1714.5747
INFY,1639.7721,1704.8504
INFY,1662.3052,1694.7123
INFY,1666.5302,1686.2679
INFY,1637.5381,1679.1616
INFY,1652.5439,1671.8753
INFY,1613.8394,1666.3364
INFY,1545.123,1659.8168
INFY,1534.4392,1650.6865
INFY,1534.4392,1641.3749
INFY,1544.3462,1631.1991
INFY,1544.3462,1621.3592
INFY,1540.9468,1611.6094
INFY,1569.1133,1602.6676
INFY,1546.7743,1596.2758
INFY,1546.9685,1589.6391
INFY,1581.6422,1584.5738
INFY,1553.476,1582.2573
INFY,1557.4581,1578.6348
INFY,1525.5038,1576.1547
INFY,1525.5038,1572.2046
INFY,1482.6227,1568.7044
INFY,1505.593,1562.3034
INFY,1453.485,1557.1037
INFY,1409.9242,1547.8053
INFY,1356.6023,1535.4723
INFY,1387.7311,1519.4521
INFY,1363.3524,1505.1892
INFY,1363.3524,1488.9632
INFY,1368.9373,1473.6249
INFY,1368.9373,1459.7699
INFY,1385.0115,1447.7008
INFY,1372.4823,1438.2873
INFY,1378.6982,1430.3139
INFY,1378.6982,1424.4751
INFY,1409.293,1419.9337
INFY,1381.9036,1417.9927
INFY,1432.5059,1415.536
INFY,1429.1066,1417.6708
INFY,1437.6536,1421.0176
INFY,1439.4989,1425.8884
INFY,1454.4564,1431.5583
INFY,1456.9816,1438.8142
INFY,1456.9816,1446.4774
INFY,1463.5862,1453.8767
INFY,1465.2373,1461.0012
INFY,1468.0538,1467.3423
INFY,1464.9459,1472.67
INFY,1467.9569,1476.9112
INFY,1464.266,1480.438
INFY,1580.137,1482.8036
INFY,1523.5126,1492.1554
INFY,1546.6285,1496.1924
INFY,1566.6364,1502.0102
INFY,1544.2004,1508.6769
INFY,1514.9656,1513.6105
INFY,1515.7426,1516.442
INFY,1523.4155,1518.8833
INFY,1503.019,1520.9349
INFY,1519.8219,1520.5498
INFY,1535.0706,1520.6524
INFY,1524.9696,1521.8033
INFY,1526.6207,1521.8084
INFY,1540.024,1522.1078
INFY,1539.1376,1523.6339
INFY,1530.3718,1525.1406
INFY,1519.7346,1525.9522
INFY,1527.8109,1525.7866
INFY,1530.8643,1526.1609
INFY,1540.2211,1526.4829
INFY,1549.1838,1527.8308
INFY,1571.9355,1531.2028
INFY,1606.5062,1537.7084
INFY,1584.3455,1547.4787
INFY,1577.845,1555.6292
INFY,1599.3164,1563.0969
INFY,1615.1736,1571.4926
INFY,1608.2792,1579.8452
INFY,1593.9978,1586.6428
INFY,1598.4299,1591.4818
INFY,1560.1165,1595.6513
INFY,1557.7526,1595.9182
INFY,1590.5505,1595.386
INFY,1591.6339,1596.7714
INFY,1583.7545,1597.4778
INFY,1577.6481,1597.3411
INFY,1582.5728,1596.6926
INFY,1586.2169,1596.3879
INFY,1594.2932,1596.2162
INFY,1615.9614,1596.7867
INFY,1602.4681,1600.0398
INFY,1613.9916,1602.0843
INFY,1609.067,1605.7639
INFY,1591.437,1609.2183
INFY,1570.8521,1610.4199
INFY,1546.623,1608.2588
INFY,1561.6923,1602.1429
INFY,1583.6561,1596.2753
INFY,1559.624,1592.12
INFY,1562.1847,1585.3756
INFY,1560.412,1579.4664
INFY,1547.214,1573.6094
INFY,1550.7596,1566.7504
INFY,1529.0914,1560.8906
INFY,1492.8462,1553.4391
INFY,1493.1417,1543.4317
INFY,1490.8763,1533.8941
INFY,1496.0966,1524.7901
INFY,1486.2473,1517.2583
INFY,1447.4413,1509.7592
INFY,1458.177,1500.6621
INFY,1438.2816,1493.3086
INFY,1415.0374,1484.9965
INFY,1415.2344,1475.9876
INFY,1401.6425,1467.6424
INFY,1406.6655,1458.6904
INFY,1402.6274,1450.7973
INFY,1405.0897,1443.357
INFY,1425.8715,1437.0569
INFY,1425.8715,1433.0032
INFY,1414.151,1429.685
INFY,1418.2877,1426.9432
INFY,1473.6403,1425.5337
INFY,1473.8373,1429.2079
INFY,1465.0714,1434.4335
INFY,1508.9989,1440.0747
INFY,1506.5366,1450.2258
INFY,1506.5366,1460.155
INFY,1477.4814,1470.2397
INFY,1447.4413,1477.7926
INFY,1476.7921,1482.0328
INFY,1476.1025,1487.1508
INFY,1456.7981,1490.2378
INFY,1440.9409,1490.671
INFY,1422.8182,1488.7304
INFY,1411.2948,1484.0074
INFY,1481.6182,1477.2724
INFY,1509.4915,1475.8381
INFY,1486.9366,1476.5356
INFY,1502.5969,1476.26
INFY,1485.6564,1478.5032
INFY,1488.5127,1480.178
INFY,1499.4453,1482.6598
INFY,1517.3708,1486.2286
INFY,1516.9768,1491.3039
INFY,1476.8905,1496.1454
INFY,1474.9207,1497.2337
INFY,1472.0643,1497.9748
INFY,1462.4122,1497.6822
INFY,1427.0535,1495.4776
INFY,1420.0605,1488.9989
INFY,1420.0605,1480.8931
INFY,1424.0002,1471.9403
INFY,1424.0002,1463.1374
INFY,1424.7881,1454.7877
INFY,1453.7449,1447.2437
INFY,1436.5087,1443.1176
INFY,1472.4584,1438.8638
INFY,1486.5428,1439.4622
INFY,1492.0583,1442.7793
INFY,1470.6854,1448.1044
INFY,1467.4353,1452.7479
INFY,1452.1691,1457.6649
INFY,1449.3127,1461.0129
INFY,1419.3711,1463.4807
INFY,1438.8726,1461.7774
INFY,1450.1992,1461.1028
INFY,1450.1992,1460.8089
INFY,1505.4532,1460.7433
INFY,1502.4,1466.6713
INFY,1504.5,1472.7088
INFY,1500.2,1479.5601
INFY,1510.4,1486.2899
INFY,1493.8,1493.6314
INFY,1482.3,1498.9477
INFY,1485.5,1502.2631
INFY,1467.9,1504.8385
INFY,1467.9,1504.5007
INFY,1466.7,1503.0438
INFY,1476.8,1500.7222
INFY,1513.5,1498.9035
INFY,1530.3,1500.5514
INFY,1551.7,1503.9487
INFY,1541.8,1509.7533
INFY,1502.8,1515.3296
INFY,1507.6,1518.1548
INFY,1486.4,1521.1617
INFY,1541.1,1520.9694
INFY,1536.5,1525.0004
INFY,1545.0,1527.7319
INFY,1548.0,1531.1764
INFY,1530.6,1535.0023
INFY,1557.9,1537.4014
INFY,1566.4,1542.0276
INFY,1560.1,1546.8124
INFY,1564.0,1550.6693
INFY,1561.0,1554.5894
INFY,1578.7,1557.757
INFY,1597.6,1562.2221
INFY,1616.2,1567.9085
INFY,1610.8,1574.9921
INFY,1599.0,1581.5074
INFY,1584.8,1586.8725
INFY,1598.0,1590.8472
INFY,1598.2,1595.0278
INFY,1606.8,1598.2138
INFY,1592.9,1601.3137
INFY,1602.0,1602.7798
INFY,1626.8,1604.6709
INFY,1638.7,1608.3281
INFY,1689.6,1612.8221
INFY,1668.3,1620.6939
INFY,1663.4,1627.1001
INFY,1663.4,1633.2713
INFY,1656.1,1639.1617
INFY,1644.7,1643.9352
INFY,1621.6,1647.2365
INFY,1615.4,1647.7198
INFY,1629.8,1646.5103
INFY,1640.4,1645.4323
INFY,1606.4,1644.4672
INFY,1612.2,1640.5931
INFY,1639.0,1636.7988
INFY,1613.3,1634.9224
INFY,1614.1,1630.8101
INFY,1595.9,1626.8914
INFY,1599.0,1621.2295
INFY,1599.8,1615.5462
INFY,1599.8,1609.8016
INFY,1689.8,1604.4794
INFY,1681.2,1607.8414
INFY,1658.9,1611.8839
INFY,1654.4,1616.159
INFY,1663.5,1621.4557
INFY,1670.8,1627.8008
INFY,1670.8,1634.6336
INFY,1682.7,1640.968
INFY,1666.5,1647.6157
INFY,1659.5,1652.3439
INFY,1641.0,1655.7751
INFY,1629.4,1657.313
INFY,1656.0,1656.797
INFY,1535.8,1657.2355
INFY,1520.2,1647.3463
INFY,1507.1,1634.9711
INFY,1497.2,1619.8987
INFY,1497.8,1604.4913
INFY,1471.9,1588.7192
INFY,1386.0,1571.7729
INFY,1369.1,1551.189
HINDUNILVR,2757.6646,2636.5155
HINDUNILVR,2754.947,2641.5473
HINDUNILVR,2755.4321,2646.3941
HINDUNILVR,2835.845,2650.9418
HINDUNILVR,2813.3274,2662.2406
HINDUNILVR,2818.7141,2672.7569
HINDUNILVR,2869.4268,2683.8931
HINDUNILVR,2846.667,2698.1315
HINDUNILVR,2782.7542,2710.1149
HINDUNILVR,2788.9656,2715.8472
HINDUNILVR,2791.2468,2719.5738
HINDUNILVR,2826.0906,2720.5032
HINDUNILVR,2890.0032,2722.4441
HINDUNILVR,2939.4543,2728.4869
HINDUNILVR,2863.749,2736.7766
HINDUNILVR,2862.196,2740.2837
HINDUNILVR,2898.2534,2743.0042
HINDUNILVR,2878.9873,2746.7169
HINDUNILVR,2871.2712,2748.6314
HINDUNILVR,2837.7375,2750.2184
HINDUNILVR,2837.7375,2748.1584
HINDUNILVR,2808.2322,2744.7582
HINDUNILVR,2764.9438,2736.7918
HINDUNILVR,2750.0454,2722.2515
HINDUNILVR,2735.8748,2704.6169
HINDUNILVR,2687.4915,2686.2416
HINDUNILVR,2673.6606,2664.9841
HINDUNILVR,2701.3223,2643.1284
HINDUNILVR,2707.0488,2624.6963
HINDUNILVR,2699.6238,2608.7022
HINDUNILVR,2699.4297,2594.936
HINDUNILVR,2658.0828,2583.425
HINDUNILVR,2637.1667,2571.5996
HINDUNILVR,2614.3098,2560.4045
HINDUNILVR,2602.8081,2548.508
HINDUNILVR,2581.0671,2536.5656
HINDUNILVR,2431.4036,2524.3316
HINDUNILVR,2453.6785,2504.1857
HINDUNILVR,2500.0237,2483.8855
HINDUNILVR,2472.7017,2465.9293
HINDUNILVR,2479.7871,2447.5298
HINDUNILVR,2453.8726,2430.9873
HINDUNILVR,2462.8503,2415.2076
HINDUNILVR,2450.5242,2402.0924
HINDUNILVR,2447.1755,2390.4814
HINDUNILVR,2455.3743,2380.569
HINDUNILVR,2430.6309,2373.2701
HINDUNILVR,2462.2473,2368.4691
HINDUNILVR,2445.8992,2367.6918
HINDUNILVR,2416.8848,2366.7641
HINDUNILVR,2420.2722,2364.9062
HINDUNILVR,2345.895,2363.1012
HINDUNILVR,2345.895,2356.183
HINDUNILVR,2378.9841,2347.6825
HINDUNILVR,2366.6619,2341.1894
HINDUNILVR,2366.6619,2333.944
HINDUNILVR,2339.6111,2326.7171
HINDUNILVR,2400.9292,2318.1469
HINDUNILVR,2426.6543,2315.9634
HINDUNILVR,2434.2639,2318.8391
HINDUNILVR,2441.8242,2325.7033
HINDUNILVR,2417.572,2335.5649
HINDUNILVR,2450.9065,2345.4306
HINDUNILVR,2434.2146,2359.2504
HINDUNILVR,2437.8479,2370.8703
HINDUNILVR,2419.8303,2381.9832
HINDUNILVR,2449.385,2389.8012
HINDUNILVR,2438.7805,2398.5106
HINDUNILVR,2357.2358,2403.8434
HINDUNILVR,2353.8977,2398.5713
HINDUNILVR,2357.825,2389.5541
HINDUNILVR,2302.4473,2378.5556
HINDUNILVR,2346.7788,2361.6488
HINDUNILVR,2323.2627,2347.7201
HINDUNILVR,2320.4155,2332.6724
HINDUNILVR,2316.4387,2318.478
HINDUNILVR,2317.0774,2305.5508
HINDUNILVR,2291.5974,2293.6915
HINDUNILVR,2296.5068,2281.3455
HINDUNILVR,2293.2175,2272.0217
HINDUNILVR,2293.2175,2264.2352
HINDUNILVR,2290.4683,2257.7988
HINDUNILVR,2298.8142,2252.9413
HINDUNILVR,2301.0234,2249.2553
HINDUNILVR,2284.6753,2246.9474
HINDUNILVR,2280.0115,2244.0254
HINDUNILVR,2327.043,2240.9717
HINDUNILVR,2362.636,2243.666
HINDUNILVR,2333.1306,2253.8825
HINDUNILVR,2347.4663,2262.7264
HINDUNILVR,2357.4812,2274.0939
HINDUNILVR,2391.2576,2287.0065
HINDUNILVR,2397.7874,2303.1815
HINDUNILVR,2406.5752,2319.2166
HINDUNILVR,2325.0303,2334.8677
HINDUNILVR,2329.989,2341.3595
HINDUNILVR,2302.4963,2345.1555
HINDUNILVR,2311.3333,2342.31
HINDUNILVR,2302.6926,2336.6718
HINDUNILVR,2298.0779,2328.1313
HINDUNILVR,2300.4834,2317.6174
HINDUNILVR,2279.6184,2306.5759
HINDUNILVR,2325.1777,2292.6705
HINDUNILVR,2349.479,2283.7823
HINDUNILVR,2345.5515,2279.4067
HINDUNILVR,2340.7402,2278.6968
HINDUNILVR,2365.0908,2279.9134
HINDUNILVR,2424.0525,2286.154
HINDUNILVR,2397.689,2300.3806
HINDUNILVR,2393.8596,2314.1135
HINDUNILVR,2347.7117,2327.8981
HINDUNILVR,2329.6941,2336.3719
HINDUNILVR,2321.0046,2341.1903
HINDUNILVR,2318.6482,2341.8084
HINDUNILVR,2273.2856,2339.2025
HINDUNILVR,2290.2227,2329.7966
HINDUNILVR,2279.4224,2320.0866
HINDUNILVR,2276.3293,2307.8581
HINDUNILVR,2287.179,2293.9062
HINDUNILVR,2254.3845,2281.3953
HINDUNILVR,2209.6108,2266.912
HINDUNILVR,2207.3035,2250.245
HINDUNILVR,2201.0195,2234.2375
HINDUNILVR,2200.823,2218.8574
HINDUNILVR,2218.3496,2204.6246
HINDUNILVR,2218.3496,2193.7874
HINDUNILVR,2204.2595,2184.7292
HINDUNILVR,2150.5513,2176.5172
HINDUNILVR,2137.394,2165.4597
HINDUNILVR,2118.2476,2153.1222
HINDUNILVR,2131.1101,2139.4395
HINDUNILVR,2178.731,2127.6993
HINDUNILVR,2164.592,2121.6955
HINDUNILVR,2207.009,2117.2597
HINDUNILVR,2176.7671,2119.2555
HINDUNILVR,2153.1531,2121.2387
HINDUNILVR,2135.3813,2122.5158
HINDUNILVR,2135.3813,2122.5637
HINDUNILVR,2131.8955,2122.921
HINDUNILVR,2131.8955,2122.8111
HINDUNILVR,2160.1736,2122.6388
HINDUNILVR,2201.7559,2125.4502
HINDUNILVR,2205.4871,2133.1431
HINDUNILVR,2215.3057,2142.9154
HINDUNILVR,2230.1323,2153.9795
HINDUNILVR,2205.2415,2167.3885
HINDUNILVR,2203.9651,2178.8284
HINDUNILVR,2217.9077,2189.5284
HINDUNILVR,2217.9077,2200.262
HINDUNILVR,2193.3611,2209.6699
HINDUNILVR,2197.3374,2214.7026
HINDUNILVR,2203.8669,2217.1561
HINDUNILVR,2203.8669,2217.558
HINDUNILVR,2208.6289,2216.3339
HINDUNILVR,2247.7568,2214.6546
HINDUNILVR,2307.4055,2216.8511
HINDUNILVR,2307.4055,2226.0962
HINDUNILVR,2323.2627,2237.3509
HINDUNILVR,2323.2627,2250.7521
HINDUNILVR,2318.6973,2264.852
HINDUNILVR,2323.7048,2279.1736
HINDUNILVR,2331.9526,2293.4696
HINDUNILVR,2331.9526,2307.2337
HINDUNILVR,2308.3875,2319.7741
HINDUNILVR,2355.2231,2328.4337
HINDUNILVR,2379.8682,2338.1242
HINDUNILVR,2283.1533,2347.1371
HINDUNILVR,2289.9282,2347.4125
HINDUNILVR,2276.575,2345.0639
HINDUNILVR,2279.6184,2338.727
HINDUNILVR,2299.6489,2330.4372
HINDUNILVR,2299.6489,2322.5623
HINDUNILVR,2276.575,2314.3165
HINDUNILVR,2306.031,2303.7751
HINDUNILVR,2338.6292,2296.9716
HINDUNILVR,2327.8289,2295.1326
HINDUNILVR,2312.2168,2293.6163
HINDUNILVR,2290.6155,2292.9985
HINDUNILVR,2339.3167,2290.5737
HINDUNILVR,2317.2244,2295.0429
HINDUNILVR,2307.8965,2298.0451
HINDUNILVR,2312.5112,2299.6418
HINDUNILVR,2338.2363,2301.3445
HINDUNILVR,2339.5129,2306.6067
HINDUNILVR,2298.6672,2311.9593
HINDUNILVR,2321.0535,2311.4285
HINDUNILVR,2288.4556,2312.7873
HINDUNILVR,2316.4387,2308.8245
HINDUNILVR,2350.7063,2308.3327
HINDUNILVR,2337.0583,2312.4139
HINDUNILVR,2319.1882,2315.5409
HINDUNILVR,2323.803,2315.9155
HINDUNILVR,2305.7366,2316.1412
HINDUNILVR,2328.6143,2312.2223
HINDUNILVR,2309.6641,2311.4334
HINDUNILVR,2321.6428,2308.4277
HINDUNILVR,2333.3271,2307.2842
HINDUNILVR,2346.4844,2308.5953
HINDUNILVR,2349.8225,2312.3209
HINDUNILVR,2351.7864,2316.4603
HINDUNILVR,2333.3271,2320.857
HINDUNILVR,2290.4192,2322.1698
HINDUNILVR,2276.9675,2315.5711
HINDUNILVR,2285.2151,2305.8003
HINDUNILVR,2286.3936,2296.2128
HINDUNILVR,2255.6609,2287.2317
HINDUNILVR,2252.6169,2275.1904
HINDUNILVR,2264.3997,2262.9646
HINDUNILVR,2257.355,2252.7583
HINDUNILVR,2245.4487,2242.8721
HINDUNILVR,2260.9268,2232.8696
HINDUNILVR,2263.0105,2226.1401
HINDUNILVR,2288.9067,2222.1559
HINDUNILVR,2276.7029,2223.4608
HINDUNILVR,2277.5957,2225.5286
HINDUNILVR,2289.1055,2228.7657
HINDUNILVR,2295.3562,2234.631
HINDUNILVR,2321.0542,2242.2011
HINDUNILVR,2391.5996,2253.5566
HINDUNILVR,2374.0376,2273.7159
HINDUNILVR,2404.498,2293.65
HINDUNILVR,2389.6152,2315.6013
HINDUNILVR,2499.948,2334.8911
HINDUNILVR,2496.9714,2360.3468
HINDUNILVR,2507.1909,2384.5408
HINDUNILVR,2497.9636,2408.1325
HINDUNILVR,2490.2244,2429.1684
HINDUNILVR,2470.1819,2447.3097
HINDUNILVR,2445.6746,2460.8558
HINDUNILVR,2460.3591,2468.1594
HINDUNILVR,2431.2876,2472.9393
HINDUNILVR,2418.7859,2472.0749
HINDUNILVR,2396.5605,2467.4156
HINDUNILVR,2422.5564,2456.7319
HINDUNILVR,2434.4629,2445.5083
HINDUNILVR,2418.3889,2434.1992
HINDUNILVR,2501.5354,2421.8762
HINDUNILVR,2533.782,2418.174
HINDUNILVR,2523.8599,2420.7664
HINDUNILVR,2514.9302,2426.0565
HINDUNILVR,2515.8232,2432.463
HINDUNILVR,2497.8643,2440.4041
HINDUNILVR,2479.1118,2447.2207
HINDUNILVR,2498.7571,2452.1048
HINDUNILVR,2464.4272,2457.5564
HINDUNILVR,2475.6392,2458.4101
HINDUNILVR,2461.2522,2459.1096
HINDUNILVR,2461.2522,2455.9173
HINDUNILVR,2548.0698,2450.7516
HINDUNILVR,2584.4834,2453.6084
HINDUNILVR,2648.9766,2460.944
HINDUNILVR,2627.3464,2474.5408
HINDUNILVR,2609.3875,2488.371
HINDUNILVR,2611.0745,2501.3345
HINDUNILVR,2671.5986,2513.6369
HINDUNILVR,2671.5986,2529.9658
HINDUNILVR,2633.6965,2545.8125
HINDUNILVR,2639.0544,2558.2013
HINDUNILVR,2628.8347,2569.1309
HINDUNILVR,2656.1204,2575.7739
HINDUNILVR,2643.916,2581.3481
HINDUNILVR,2645.8015,2583.2041
HINDUNILVR,2612.8601,2583.9001
HINDUNILVR,2603.4343,2581.2856
HINDUNILVR,2621.3933,2576.731
HINDUNILVR,2622.8816,2571.6176
HINDUNILVR,2601.5493,2566.0281
HINDUNILVR,2560.3728,2558.4647
HINDUNILVR,2560.8689,2545.0552
HINDUNILVR,2560.7698,2530.8486
HINDUNILVR,2549.657,2516.8818
HINDUNILVR,2566.6238,2503.4451
HINDUNILVR,2539.636,2493.664
HINDUNILVR,2552.1377,2483.6989
HINDUNILVR,2502.5276,2476.9114
HINDUNILVR,2529.6147,2466.8638
HINDUNILVR,2518.5022,2460.1645
HINDUNILVR,2492.2087,2453.9737
HINDUNILVR,2478.417,2447.2057
HINDUNILVR,2494.7883,2439.6307
HINDUNILVR,2516.4185,2433.8253
HINDUNILVR,2516.4185,2430.899
HINDUNILVR,2525.0505,2429.0484
HINDUNILVR,2521.9749,2429.7549
HINDUNILVR,2497.5667,2431.2806
HINDUNILVR,2480.6001,2431.3887
HINDUNILVR,2497.9636,2428.9871
HINDUNILVR,2509.1753,2428.2991
HINDUNILVR,2473.3569,2429.898
HINDUNILVR,2482.783,2427.7218
HINDUNILVR,2499.3525,2426.1707
HINDUNILVR,2541.521,2426.7247
HINDUNILVR,2583.3918,2434.7245
HINDUNILVR,2574.1643,2449.181
HINDUNILVR,2571.4856,2463.4223
HINDUNILVR,2571.4856,2477.0723
HINDUNILVR,2581.3083,2489.9077
HINDUNILVR,2496.7727,2502.1012
HINDUNILVR,2492.2087,2503.5655
HINDUNILVR,2477.6235,2501.5422
HINDUNILVR,2468.6936,2495.0197
HINDUNILVR,2450.3379,2485.2171
HINDUNILVR,2446.2698,2471.4783
HINDUNILVR,2440.8127,2455.6595
HINDUNILVR,2426.6243,2439.0702
HINDUNILVR,2426.6243,2421.4998
HINDUNILVR,2417.0,2404.5613
HINDUNILVR,2414.0,2387.8125
HINDUNILVR,2408.8,2373.3965
HINDUNILVR,2427.5,2360.4312
HINDUNILVR,2424.5,2351.3321
HINDUNILVR,2407.6001,2344.3511
HINDUNILVR,2427.7,2338.2162
HINDUNILVR,2425.0,2335.6352
HINDUNILVR,2404.0,2334.6328
HINDUNILVR,2441.6001,2333.1367
HINDUNILVR,2428.3999,2336.5443
HINDUNILVR,2433.7,2340.1284
HINDUNILVR,2424.2,2345.4846
HINDUNILVR,2414.1001,2349.9353
HINDUNILVR,2425.2,2351.9502
HINDUNILVR,2451.7,2355.666
HINDUNILVR,2466.6001,2365.8081
HINDUNILVR,2464.5,2378.5432
HINDUNILVR,2477.8,2390.1564
HINDUNILVR,2448.0,2402.444
HINDUNILVR,2462.2,2408.3215
HINDUNILVR,2338.6001,2414.2293
HINDUNILVR,2314.0,2403.3674
HINDUNILVR,2306.5,2387.4099
HINDUNILVR,2301.7,2369.1661
HINDUNILVR,2305.6001,2349.7389
HINDUNILVR,2260.6001,2330.2594
HINDUNILVR,2293.5,2307.8054
HINDUNILVR,2281.1001,2288.8492
HINDUNILVR,2275.6001,2270.5951
HINDUNILVR,2265.5,2254.4358
HINDUNILVR,2280.0,2239.4996
HINDUNILVR,2289.5,2229.8003
HINDUNILVR,2302.6001,2224.3798
HINDUNILVR,2282.2,2223.0915
HINDUNILVR,2282.2,2222.8279
HINDUNILVR,2285.3999,2223.8514
HINDUNILVR,2293.3,2226.6253
HINDUNILVR,2290.2,2230.2799
HINDUNILVR,2315.8999,2234.1462
HINDUNILVR,2323.0,2241.1859
HINDUNILVR,2348.0,2251.9332
HINDUNILVR,2384.1001,2267.0729
HINDUNILVR,2424.7,2285.5906
HINDUNILVR,2399.3999,2306.4898
HINDUNILVR,2386.7,2324.5425
HINDUNILVR,2372.6001,2339.8952
HINDUNILVR,2406.2,2351.6819
HINDUNILVR,2389.5,2363.8958
HINDUNILVR,2353.5,2372.8316
HINDUNILVR,2353.5,2375.9428
HINDUNILVR,2360.3999,2375.9502
HINDUNILVR,2413.8999,2372.8028
HINDUNILVR,2379.1001,2372.4382
HINDUNILVR,2368.0,2368.2362
HINDUNILVR,2390.6001,2362.8842
HINDUNILVR,2409.5,2359.778
HINDUNILVR,2409.5,2359.4452
HINDUNILVR,2400.8999,2359.7718
HINDUNILVR,2378.3999,2360.2285
HINDUNILVR,2352.6001,2358.7517
HINDUNILVR,2373.0,2353.0922
HINDUNILVR,2357.3,2349.336
HINDUNILVR,2368.6001,2342.8163
HINDUNILVR,2371.0,2338.5989
HINDUNILVR,2354.3999,2335.9218
HINDUNILVR,2424.2,2331.2914
HINDUNILVR,2435.0,2337.4658
HINDUNILVR,2453.6001,2347.0738
HINDUNILVR,2462.8999,2359.8154
HINDUNILVR,2409.7,2374.0777
HINDUNILVR,2305.2,2382.8426
ICICIBANK,1226.8833,1101.9566
ICICIBANK,1226.4863,1103.9945
ICICIBANK,1198.8992,1105.7873
ICICIBANK,1225.5436,1105.0377
ICICIBANK,1227.826,1105.8561
ICICIBANK,1226.8833,1106.1062
ICICIBANK,1242.5624,1106.2097
ICICIBANK,1240.776,1107.2055
ICICIBANK,1253.1803,1107.8917
ICICIBANK,1258.3901,1109.3893
ICICIBANK,1278.4851,1110.9142
ICICIBANK,1282.1072,1113.4287
ICICIBANK,1328.2014,1115.9163
ICICIBANK,1311.7782,1120.827
ICICIBANK,1308.5034,1124.0125
ICICIBANK,1313.7133,1127.0751
ICICIBANK,1318.8735,1130.0944
ICICIBANK,1296.5953,1132.8677
ICICIBANK,1263.2527,1133.7635
ICICIBANK,1264.642,1132.3652
ICICIBANK,1264.642,1131.0793
ICICIBANK,1246.7301,1129.346
ICICIBANK,1230.2572,1126.2805
ICICIBANK,1224.452,1122.1127
ICICIBANK,1227.1313,1118.2999
ICICIBANK,1234.6235,1114.6326
ICICIBANK,1233.9785,1111.492
ICICIBANK,1213.6355,1108.4826
ICICIBANK,1222.3185,1104.6096
ICICIBANK,1245.8866,1101.8936
ICICIBANK,1233.6312,1101.5877
ICICIBANK,1221.8224,1100.6954
ICICIBANK,1254.8177,1099.604
ICICIBANK,1249.4095,1101.3659
ICICIBANK,1257.7948,1102.7201
ICICIBANK,1242.0165,1104.9699
ICICIBANK,1243.1577,1106.0844
ICICIBANK,1245.837,1107.4007
ICICIBANK,1282.9507,1108.7807
ICICIBANK,1321.652,1112.0147
ICICIBANK,1302.1029,1116.9501
ICICIBANK,1282.3552,1120.5325
ICICIBANK,1281.9087,1123.0374
ICICIBANK,1267.4204,1125.1972
ICICIBANK,1286.7711,1125.9506
ICICIBANK,1292.3779,1127.5028
ICICIBANK,1268.9089,1128.9242
ICICIBANK,1249.2109,1128.689
ICICIBANK,1259.5811,1127.3184
ICICIBANK,1260.871,1126.3896
ICICIBANK,1244.1003,1125.0365
ICICIBANK,1247.3254,1122.6772
ICICIBANK,1247.3254,1120.8592
ICICIBANK,1243.8523,1119.073
ICICIBANK,1239.5356,1117.298
ICICIBANK,1239.5356,1115.3597
ICICIBANK,1240.9746,1113.5991
ICICIBANK,1268.264,1112.2184
ICICIBANK,1290.9886,1113.0891
ICICIBANK,1294.958,1115.3638
ICICIBANK,1290.7405,1118.0004
ICICIBANK,1276.5004,1120.6195
ICICIBANK,1290.1451,1122.3381
ICICIBANK,1294.6603,1124.8078
ICICIBANK,1298.3816,1127.137
ICICIBANK,1305.973,1129.4687
ICICIBANK,1326.2665,1132.0078
ICICIBANK,1318.5758,1135.3866
ICICIBANK,1312.1752,1137.7038
ICICIBANK,1320.2627,1139.4275
ICICIBANK,1317.3353,1141.4185
ICICIBANK,1319.0719,1142.8252
ICICIBANK,1334.6022,1144.2418
ICICIBANK,1335.7928,1146.2226
ICICIBANK,1323.5375,1147.8842
ICICIBANK,1304.0876,1148.5421
ICICIBANK,1277.0463,1147.8669
ICICIBANK,1278.5348,1145.4708
ICICIBANK,1286.8705,1143.2013
ICICIBANK,1287.317,1141.2685
ICICIBANK,1287.317,1139.4958
ICICIBANK,1287.4161,1137.828
ICICIBANK,1297.5382,1136.3004
ICICIBANK,1284.7369,1135.6197
ICICIBANK,1271.8364,1134.2917
ICICIBANK,1273.8212,1132.4213
ICICIBANK,1280.7179,1130.9588
ICICIBANK,1255.3635,1130.2468
ICICIBANK,1254.4208,1127.879
ICICIBANK,1269.4548,1125.8193
ICICIBANK,1254.0735,1125.0261
ICICIBANK,1252.7339,1123.191
ICICIBANK,1240.2799,1121.6772
ICICIBANK,1220.3339,1119.3975
ICICIBANK,1230.8031,1115.9689
ICICIBANK,1228.7687,1113.7212
ICICIBANK,1239.5356,1111.3729
ICICIBANK,1216.0667,1110.2798
ICICIBANK,1223.5093,1107.8176
ICICIBANK,1186.9911,1106.4512
ICICIBANK,1191.2581,1102.423
ICICIBANK,1192.5482,1099.2164
ICICIBANK,1199.9412,1096.1536
ICICIBANK,1218.5476,1094.1234
ICICIBANK,1237.3525,1094.0581
ICICIBANK,1242.0662,1095.6819
ICICIBANK,1245.9858,1097.9798
ICICIBANK,1243.2074,1100.783
ICICIBANK,1243.4058,1103.5109
ICICIBANK,1258.4894,1106.1182
ICICIBANK,1257.9932,1109.6067
ICICIBANK,1262.6572,1112.6894
ICICIBANK,1247.276,1115.8286
ICICIBANK,1252.9323,1117.4892
ICICIBANK,1243.1577,1119.1754
ICICIBANK,1242.215,1119.587
ICICIBANK,1239.3372,1119.6512
ICICIBANK,1250.4514,1119.1974
ICICIBANK,1241.5699,1119.4398
ICICIBANK,1233.532,1118.8453
ICICIBANK,1251.9896,1117.7126
ICICIBANK,1240.3792,1117.8338
ICICIBANK,1223.5093,1116.9851
ICICIBANK,1209.0211,1115.4301
ICICIBANK,1214.7767,1112.8038
ICICIBANK,1214.7767,1110.437
ICICIBANK,1213.0897,1107.997
ICICIBANK,1194.8802,1105.678
ICICIBANK,1196.9641,1102.232
ICICIBANK,1201.132,1099.3289
ICICIBANK,1206.3914,1097.1687
ICICIBANK,1208.7235,1095.7356
ICICIBANK,1205.2502,1094.9356
ICICIBANK,1205.5479,1094.2981
ICICIBANK,1235.864,1094.1036
ICICIBANK,1234.425,1096.4506
ICICIBANK,1240.4784,1098.7064
ICICIBANK,1240.4784,1101.6197
ICICIBANK,1259.2833,1104.5155
ICICIBANK,1259.2833,1108.4004
ICICIBANK,1303.0455,1111.9239
ICICIBANK,1311.5797,1117.5276
ICICIBANK,1332.8159,1122.9225
ICICIBANK,1347.7507,1129.1212
ICICIBANK,1333.4113,1135.3932
ICICIBANK,1325.671,1139.7966
ICICIBANK,1326.4153,1143.1966
ICICIBANK,1338.0256,1145.9746
ICICIBANK,1338.0256,1148.7376
ICICIBANK,1308.3546,1150.7282
ICICIBANK,1321.0566,1150.2137
ICICIBANK,1319.3698,1150.3618
ICICIBANK,1325.0757,1149.7943
ICICIBANK,1277.6913,1149.3575
ICICIBANK,1289.9467,1145.4146
ICICIBANK,1290.8398,1142.9589
ICICIBANK,1290.8398,1140.4668
ICICIBANK,1301.6067,1138.2966
ICICIBANK,1301.6067,1136.8229
ICICIBANK,1339.8615,1135.4406
ICICIBANK,1346.014,1136.3892
ICICIBANK,1395.9288,1137.8741
ICICIBANK,1395.9288,1142.1423
ICICIBANK,1399.0052,1146.1304
ICICIBANK,1405.6539,1150.6319
ICICIBANK,1413.4934,1155.2372
ICICIBANK,1391.9595,1159.8187
ICICIBANK,1394.0435,1162.5251
ICICIBANK,1417.8597,1165.1539
ICICIBANK,1418.8521,1168.5133
ICICIBANK,1416.0735,1171.0166
ICICIBANK,1416.0735,1173.0851
ICICIBANK,1419.1497,1174.6035
ICICIBANK,1418.4551,1175.9581
ICICIBANK,1420.6382,1176.8859
ICICIBANK,1424.4092,1177.6758
ICICIBANK,1424.5084,1178.3785
ICICIBANK,1378.2653,1179.1059
ICICIBANK,1437.4088,1177.3005
ICICIBANK,1419.6459,1178.2809
ICICIBANK,1415.2795,1177.7268
ICICIBANK,1439.6913,1177.3214
ICICIBANK,1442.8667,1177.5927
ICICIBANK,1437.905,1177.9277
ICICIBANK,1427.1876,1178.4718
ICICIBANK,1433.6379,1178.806
ICICIBANK,1431.0579,1179.4224
ICICIBANK,1438.699,1179.8714
ICICIBANK,1449.4161,1180.7255
ICICIBANK,1435.325,1181.6643
ICICIBANK,1442.6683,1182.2726
ICICIBANK,1445.3475,1183.2379
ICICIBANK,1434.7296,1184.2409
ICICIBANK,1439.3936,1184.8155
ICICIBANK,1426.89,1185.5787
ICICIBANK,1420.0428,1185.7971
ICICIBANK,1443.6606,1185.7463
ICICIBANK,1448.5231,1186.3968
ICICIBANK,1423.8138,1186.7681
ICICIBANK,1412.0049,1186.7944
ICICIBANK,1420.0428,1186.5212
ICICIBANK,1414.2872,1186.1908
ICICIBANK,1405.257,1185.3601
ICICIBANK,1415.9742,1184.113
ICICIBANK,1412.3025,1183.2427
ICICIBANK,1401.7837,1182.2616
ICICIBANK,1400.4938,1180.9915
ICICIBANK,1416.1727,1179.6825
ICICIBANK,1409.2263,1179.2867
ICICIBANK,1413.1957,1179.0162
ICICIBANK,1414.8827,1179.2458
ICICIBANK,1428.0808,1179.9022
ICICIBANK,1451.0039,1181.5003
ICICIBANK,1434.7296,1184.1301
ICICIBANK,1421.0352,1185.7778
ICICIBANK,1416.8674,1186.9072
ICICIBANK,1414.9819,1187.6942
ICICIBANK,1431.7526,1188.0912
ICICIBANK,1424.7068,1188.9127
ICICIBANK,1430.9586,1189.2621
ICICIBANK,1420.936,1189.9393
ICICIBANK,1413.1957,1190.0408
ICICIBANK,1411.0126,1189.7333
ICICIBANK,1412.1041,1189.1203
ICICIBANK,1419.8445,1188.4927
ICICIBANK,1415.4781,1188.2928
ICICIBANK,1407.837,1187.921
ICICIBANK,1414.8827,1187.3622
ICICIBANK,1454.5764,1187.1217
ICICIBANK,1462.3167,1188.5751
ICICIBANK,1477.2018,1190.3451
ICICIBANK,1472.0416,1193.0711
ICICIBANK,1465.7898,1195.4599
ICICIBANK,1477.0034,1197.4345
ICICIBANK,1474.8202,1199.7413
ICICIBANK,1471.0493,1201.4617
ICICIBANK,1470.057,1202.765
ICICIBANK,1460.3319,1203.823
ICICIBANK,1451.9962,1204.0458
ICICIBANK,1433.3402,1203.5285
ICICIBANK,1432.5464,1202.2525
ICICIBANK,1429.2717,1201.0734
ICICIBANK,1424.9054,1199.5365
ICICIBANK,1425.6,1197.7785
ICICIBANK,1422.0,1196.0638
ICICIBANK,1420.8,1194.1959
ICICIBANK,1427.3,1192.4016
ICICIBANK,1427.3,1191.1703
ICICIBANK,1434.6,1190.089
ICICIBANK,1436.3,1189.6773
ICICIBANK,1430.6,1189.5668
ICICIBANK,1446.0,1189.3523
ICICIBANK,1436.4,1190.3284
ICICIBANK,1433.2,1190.928
ICICIBANK,1416.6,1191.4775
ICICIBANK,1416.6,1190.9408
ICICIBANK,1399.1,1190.4343
ICICIBANK,1397.8,1188.6541
ICICIBANK,1411.0,1186.8592
ICICIBANK,1394.2,1185.9057
ICICIBANK,1397.0,1184.0148
ICICIBANK,1405.5,1182.6514
ICICIBANK,1402.8,1181.9821
ICICIBANK,1402.7,1181.3483
ICICIBANK,1403.7,1181.0009
ICICIBANK,1403.9,1180.9485
ICICIBANK,1401.6,1181.0164
ICICIBANK,1417.7,1181.0737
ICICIBANK,1419.4,1182.4015
ICICIBANK,1421.6,1183.6833
ICICIBANK,1419.2,1185.2658
ICICIBANK,1421.7,1186.605
ICICIBANK,1402.2,1187.9078
ICICIBANK,1401.5,1187.8834
ICICIBANK,1394.3,1187.743
ICICIBANK,1382.7,1186.879
ICICIBANK,1375.8,1185.1237
ICICIBANK,1359.6,1182.7439
ICICIBANK,1348.1,1179.0636
ICICIBANK,1348.0,1174.6492
ICICIBANK,1372.0,1170.3966
ICICIBANK,1372.0,1168.6015
ICICIBANK,1365.2,1167.1658
ICICIBANK,1363.4,1165.9501
ICICIBANK,1375.9,1165.0567
ICICIBANK,1370.3,1165.5279
ICICIBANK,1376.2,1165.7226
ICICIBANK,1380.3,1166.6833
ICICIBANK,1379.4,1168.0305
ICICIBANK,1384.1,1169.3787
ICICIBANK,1398.4,1171.0823
ICICIBANK,1417.3,1173.4467
ICICIBANK,1436.6,1176.5329
ICICIBANK,1390.3,1180.4019
ICICIBANK,1382.0,1181.1358
ICICIBANK,1382.0,1181.52
ICICIBANK,1363.7,1181.4017
ICICIBANK,1377.7,1179.8123
ICICIBANK,1377.6,1178.9975
ICICIBANK,1363.1,1177.8887
ICICIBANK,1370.4,1175.9953
ICICIBANK,1362.4,1174.6462
ICICIBANK,1345.3,1172.6917
ICICIBANK,1346.4,1169.796
ICICIBANK,1336.9,1167.3505
ICICIBANK,1336.9,1164.3869
ICICIBANK,1320.4,1161.71
ICICIBANK,1343.0,1158.2056
ICICIBANK,1348.0,1156.8531
ICICIBANK,1358.3,1155.9528
ICICIBANK,1358.9,1156.2557
ICICIBANK,1385.9,1156.8635
ICICIBANK,1373.0,1159.4307
ICICIBANK,1379.0,1161.0821
ICICIBANK,1373.4,1163.2834
ICICIBANK,1383.1,1165.0122
ICICIBANK,1383.0,1167.1188
ICICIBANK,1369.5,1168.9932
ICICIBANK,1368.4,1169.7757
ICICIBANK,1357.8,1170.3257
ICICIBANK,1375.0,1169.917
ICICIBANK,1392.2,1170.3795
ICICIBANK,1388.8,1171.3516
ICICIBANK,1390.1,1172.0867
ICICIBANK,1373.0,1173.088
ICICIBANK,1391.5,1173.0095
ICICIBANK,1386.7,1173.9128
ICICIBANK,1392.5,1174.177
ICICIBANK,1389.6,1174.8079
ICICIBANK,1375.2,1175.1923
ICICIBANK,1363.6,1175.0138
ICICIBANK,1360.0,1174.2242
ICICIBANK,1366.0,1172.9304
ICICIBANK,1365.2,1171.84
ICICIBANK,1366.0,1170.7386
ICICIBANK,1352.4,1169.7975
ICICIBANK,1356.8,1168.2149
ICICIBANK,1354.1,1166.9542
ICICIBANK,1368.5,1165.5598
ICICIBANK,1363.0,1165.4243
ICICIBANK,1359.8,1165.106
ICICIBANK,1359.8,1164.8971
ICICIBANK,1350.4,1164.8873
ICICIBANK,1343.3,1164.2769
ICICIBANK,1342.5,1163.2548
ICICIBANK,1342.9,1162.1293
ICICIBANK,1338.0,1161.1144
ICICIBANK,1355.4,1159.8089
ICICIBANK,1371.5,1160.0679
ICICIBANK,1411.2,1161.2215
ICICIBANK,1427.7,1164.5804
ICICIBANK,1435.0,1168.9201
ICICIBANK,1404.3,1173.629
ICICIBANK,1413.1,1176.154
ICICIBANK,1437.0,1179.0754
ICICIBANK,1418.4,1182.5298
ICICIBANK,1418.4,1184.2127
ICICIBANK,1410.8,1185.8283
ICICIBANK,1380.6,1186.4915
ICICIBANK,1375.8,1185.0256
ICICIBANK,1349.0,1183.189
ICICIBANK,1345.5,1179.4
ICICIBANK,1343.4,1175.9936
ICICIBANK,1343.4,1172.7064
ICICIBANK,1361.4,1169.3723
ICICIBANK,1367.7,1167.1299
ICICIBANK,1383.6,1165.376
ICICIBANK,1355.0,1164.7908
ICICIBANK,1352.8,1162.9035
ICICIBANK,1389.7,1161.5321
ICICIBANK,1408.4,1162.7038
ICICIBANK,1396.5,1164.9486
ICICIBANK,1406.1,1166.592
ICICIBANK,1396.3,1169.0297
ICICIBANK,1406.5,1170.6723
ICICIBANK,1406.1,1172.7189
ICICIBANK,1430.0,1174.3635
ICICIBANK,1414.6,1176.9686
BHARTIARTL,1548.9509,1357.4352
BHARTIARTL,1534.3728,1360.4978
BHARTIARTL,1526.4888,1362.1967
BHARTIARTL,1529.8606,1363.2769
BHARTIARTL,1564.7687,1363.8673
BHARTIARTL,1564.7191,1365.3036
BHARTIARTL,1633.0974,1367.0024
BHARTIARTL,1620.8994,1370.9756
BHARTIARTL,1621.8911,1375.2688
BHARTIARTL,1647.9731,1379.6853
BHARTIARTL,1641.1799,1384.8994
BHARTIARTL,1651.0474,1389.6929
BHARTIARTL,1697.5586,1394.348
BHARTIARTL,1735.9377,1400.0952
BHARTIARTL,1742.0863,1406.9258
BHARTIARTL,1745.8053,1413.5107
BHARTIARTL,1756.4165,1419.546
BHARTIARTL,1720.2191,1425.0905
BHARTIARTL,1695.3768,1429.0877
BHARTIARTL,1684.6167,1431.538
BHARTIARTL,1684.6167,1432.6793
BHARTIARTL,1659.576,1432.9069
BHARTIARTL,1627.296,1431.8798
BHARTIARTL,1648.2706,1429.5715
BHARTIARTL,1643.7087,1426.6313
BHARTIARTL,1664.1875,1423.1956
BHARTIARTL,1664.1875,1420.2125
BHARTIARTL,1673.4105,1417.635
BHARTIARTL,1681.5425,1415.8409
BHARTIARTL,1703.0129,1415.0092
BHARTIARTL,1719.5745,1415.7379
BHARTIARTL,1687.0465,1417.88
BHARTIARTL,1693.6909,1419.6019
BHARTIARTL,1678.5178,1421.0626
BHARTIARTL,1678.2202,1421.7143
BHARTIARTL,1671.8237,1421.8892
BHARTIARTL,1664.5347,1421.4881
BHARTIARTL,1652.1879,1421.0572
BHARTIARTL,1649.5598,1419.7789
BHARTIARTL,1623.5275,1418.0101
BHARTIARTL,1619.8086,1415.5325
BHARTIARTL,1599.2306,1412.0797
BHARTIARTL,1603.0486,1407.8641
BHARTIARTL,1578.0576,1403.6416
BHARTIARTL,1565.3142,1398.9884
BHARTIARTL,1585.545,1393.4962
BHARTIARTL,1562.7357,1389.1304
BHARTIARTL,1556.8846,1385.4237
BHARTIARTL,1547.6122,1382.0339
BHARTIARTL,1542.7528,1378.7988
BHARTIARTL,1537.5958,1375.8146
BHARTIARTL,1537.6454,1372.9504
BHARTIARTL,1537.6454,1370.4574
BHARTIARTL,1524.2573,1368.3566
BHARTIARTL,1512.8527,1366.1861
BHARTIARTL,1512.8527,1363.6465
BHARTIARTL,1512.5056,1361.0521
BHARTIARTL,1556.2897,1358.5978
BHARTIARTL,1565.6613,1357.1188
BHARTIARTL,1564.1737,1357.5685
BHARTIARTL,1564.5704,1359.3207
BHARTIARTL,1547.4634,1361.8082
BHARTIARTL,1613.66,1363.9717
BHARTIARTL,1629.9735,1367.573
BHARTIARTL,1607.1147,1373.1254
BHARTIARTL,1570.9668,1378.269
BHARTIARTL,1601.9578,1381.2756
BHARTIARTL,1584.6029,1383.9725
BHARTIARTL,1589.2639,1385.4682
BHARTIARTL,1565.5621,1386.3413
BHARTIARTL,1572.8511,1385.9113
BHARTIARTL,1597.1976,1385.0618
BHARTIARTL,1667.8073,1385.0253
BHARTIARTL,1648.7665,1387.4775
BHARTIARTL,1601.9082,1390.3403
BHARTIARTL,1588.6194,1391.4414
BHARTIARTL,1587.0326,1391.314
BHARTIARTL,1565.0166,1390.2122
BHARTIARTL,1573.7437,1387.5518
BHARTIARTL,1570.7686,1384.5464
BHARTIARTL,1570.7686,1381.5267
BHARTIARTL,1586.2393,1378.6115
BHARTIARTL,1586.5863,1376.4457
BHARTIARTL,1573.7437,1374.7053
BHARTIARTL,1574.5867,1372.9831
BHARTIARTL,1582.4707,1371.6427
BHARTIARTL,1596.3546,1370.9428
BHARTIARTL,1585.5946,1371.2383
BHARTIARTL,1575.2808,1371.9511
BHARTIARTL,1577.6609,1372.0963
BHARTIARTL,1585.9417,1371.9399
BHARTIARTL,1593.7267,1371.9627
BHARTIARTL,1602.5033,1372.4527
BHARTIARTL,1583.9583,1374.2689
BHARTIARTL,1586.8342,1375.9419
BHARTIARTL,1594.1233,1377.413
BHARTIARTL,1616.6847,1379.4215
BHARTIARTL,1614.0071,1382.8445
BHARTIARTL,1627.5439,1386.852
BHARTIARTL,1612.6683,1391.0672
BHARTIARTL,1618.2218,1394.5651
BHARTIARTL,1622.4366,1397.2193
BHARTIARTL,1631.1637,1399.5248
BHARTIARTL,1589.3135,1402.4087
BHARTIARTL,1604.9329,1403.3011
BHARTIARTL,1587.1813,1403.3962
BHARTIARTL,1627.1472,1402.3492
BHARTIARTL,1612.817,1401.971
BHARTIARTL,1638.651,1402.2351
BHARTIARTL,1647.6755,1403.4751
BHARTIARTL,1646.6838,1405.9155
BHARTIARTL,1606.3213,1408.6134
BHARTIARTL,1662.8488,1409.2893
BHARTIARTL,1679.0137,1410.49
BHARTIARTL,1682.683,1413.3288
BHARTIARTL,1697.3604,1416.5352
BHARTIARTL,1700.3849,1420.1267
BHARTIARTL,1702.8147,1423.4873
BHARTIARTL,1661.6587,1426.5171
BHARTIARTL,1655.0638,1427.7011
BHARTIARTL,1631.5603,1427.4615
BHARTIARTL,1629.8744,1425.5357
BHARTIARTL,1625.6597,1422.8089
BHARTIARTL,1588.0243,1419.4225
BHARTIARTL,1627.7919,1414.2443
BHARTIARTL,1627.7919,1409.6432
BHARTIARTL,1636.7173,1405.9215
BHARTIARTL,1557.1821,1403.2411
BHARTIARTL,1582.5699,1397.6617
BHARTIARTL,1562.2894,1392.1794
BHARTIARTL,1604.8337,1386.532
BHARTIARTL,1613.4121,1382.7214
BHARTIARTL,1617.1805,1380.5822
BHARTIARTL,1617.4285,1379.5812
BHARTIARTL,1649.1631,1379.6181
BHARTIARTL,1629.2297,1381.0765
BHARTIARTL,1618.9656,1382.5546
BHARTIARTL,1618.9656,1383.6748
BHARTIARTL,1625.5605,1384.8874
BHARTIARTL,1625.5605,1386.2514
BHARTIARTL,1623.577,1387.7078
BHARTIARTL,1691.1124,1388.86
BHARTIARTL,1711.4922,1392.3049
BHARTIARTL,1704.5502,1397.8058
BHARTIARTL,1716.1531,1403.2435
BHARTIARTL,1724.1365,1408.5215
BHARTIARTL,1710.4011,1413.5936
BHARTIARTL,1719.0292,1417.7978
BHARTIARTL,1719.0292,1421.4751
BHARTIARTL,1709.8558,1424.6734
BHARTIARTL,1740.0533,1427.0804
BHARTIARTL,1731.5247,1429.8831
BHARTIARTL,1728.9957,1432.1691
BHARTIARTL,1672.6667,1433.9082
BHARTIARTL,1706.1368,1433.6308
BHARTIARTL,1701.3271,1433.2674
BHARTIARTL,1701.3271,1432.5775
BHARTIARTL,1742.0367,1431.7452
BHARTIARTL,1742.0367,1432.8085
BHARTIARTL,1783.887,1434.5788
BHARTIARTL,1807.4895,1438.1458
BHARTIARTL,1873.4382,1443.3603
BHARTIARTL,1873.4382,1450.7897
BHARTIARTL,1867.7855,1458.1092
BHARTIARTL,1836.8441,1464.7239
BHARTIARTL,1866.0004,1469.728
BHARTIARTL,1830.2988,1474.3806
BHARTIARTL,1802.1343,1477.322
BHARTIARTL,1806.6963,1478.3373
BHARTIARTL,1808.6797,1478.4015
BHARTIARTL,1849.0422,1477.792
BHARTIARTL,1849.0422,1477.9048
BHARTIARTL,1832.8773,1478.4824
BHARTIARTL,1850.5298,1478.7813
BHARTIARTL,1885.2396,1479.5239
BHARTIARTL,1881.0745,1481.4921
BHARTIARTL,1859.356,1483.7055
BHARTIARTL,1833.0757,1485.5493
BHARTIARTL,1855.29,1486.3216
BHARTIARTL,1805.5061,1486.821
BHARTIARTL,1818.9934,1485.6744
BHARTIARTL,1851.7197,1483.8956
BHARTIARTL,1798.9608,1482.3222
BHARTIARTL,1803.2252,1480.2496
BHARTIARTL,1793.9032,1477.4694
BHARTIARTL,1807.3904,1474.3562
BHARTIARTL,1816.2167,1471.3493
BHARTIARTL,1816.514,1469.1082
BHARTIARTL,1832.084,1467.7296
BHARTIARTL,1828.5139,1467.0418
BHARTIARTL,1840.7118,1467.7426
BHARTIARTL,1848.1497,1469.1122
BHARTIARTL,1840.8109,1471.3276
BHARTIARTL,1838.7284,1473.6701
BHARTIARTL,1826.0345,1475.7225
BHARTIARTL,1859.8518,1477.2607
BHARTIARTL,1863.2236,1479.2053
BHARTIARTL,1854.6949,1482.0846
BHARTIARTL,1849.6372,1484.908
BHARTIARTL,1841.7035,1487.1051
BHARTIARTL,1844.7778,1488.5826
BHARTIARTL,1828.9104,1489.591
BHARTIARTL,1825.142,1489.8586
BHARTIARTL,1845.8688,1489.3071
BHARTIARTL,1839.4226,1488.7797
BHARTIARTL,1850.4307,1488.8339
BHARTIARTL,1861.4386,1488.9803
BHARTIARTL,1920.6436,1489.9415
BHARTIARTL,1920.2469,1492.8429
BHARTIARTL,1917.5693,1497.0861
BHARTIARTL,1949.304,1501.3837
BHARTIARTL,1997.6003,1505.8184
BHARTIARTL,2010.2941,1511.2337
BHARTIARTL,1992.9392,1517.1706
BHARTIARTL,2002.658,1522.316
BHARTIARTL,2016.4427,1526.8799
BHARTIARTL,2002.5588,1531.0539
BHARTIARTL,2000.4762,1534.4907
BHARTIARTL,2017.0378,1537.0967
BHARTIARTL,2013.17,1539.3992
BHARTIARTL,2002.9554,1541.3285
BHARTIARTL,1948.2131,1542.7836
BHARTIARTL,1905.9663,1542.754
BHARTIARTL,1904.9746,1540.605
BHARTIARTL,1918.1643,1537.5027
BHARTIARTL,1920.5444,1534.1196
BHARTIARTL,1913.9,1530.5227
BHARTIARTL,1901.0,1526.8107
BHARTIARTL,1909.2,1522.9206
BHARTIARTL,1906.8,1519.0438
BHARTIARTL,1943.8,1515.4949
BHARTIARTL,1936.1,1512.6072
BHARTIARTL,1937.9,1511.5543
BHARTIARTL,1890.3,1511.4629
BHARTIARTL,1918.3,1510.7038
BHARTIARTL,1932.6,1509.6905
BHARTIARTL,1914.3,1509.2827
BHARTIARTL,1884.4,1508.9334
BHARTIARTL,1914.6,1508.0352
BHARTIARTL,1931.8,1507.1308
BHARTIARTL,1929.7,1507.199
BHARTIARTL,1922.6,1508.0267
BHARTIARTL,1858.6,1509.3236
BHARTIARTL,1857.4,1508.2494
BHARTIARTL,1850.3,1505.0264
BHARTIARTL,1867.4,1501.1881
BHARTIARTL,1873.8,1497.6783
BHARTIARTL,1873.8,1495.224
BHARTIARTL,1892.3,1493.6812
BHARTIARTL,1909.7,1493.0437
BHARTIARTL,1928.4,1493.5873
BHARTIARTL,1929.9,1495.4348
BHARTIARTL,1933.3,1498.3879
BHARTIARTL,1930.7,1501.9859
BHARTIARTL,1904.7,1505.5206
BHARTIARTL,1904.7,1508.1437
BHARTIARTL,1881.1,1509.6579
BHARTIARTL,1888.8,1509.942
BHARTIARTL,1900.6,1509.33
BHARTIARTL,1887.2,1508.6381
BHARTIARTL,1883.9,1507.8451
BHARTIARTL,1880.4,1506.8864
BHARTIARTL,1895.3,1505.7825
BHARTIARTL,1887.7,1504.8616
BHARTIARTL,1893.7,1504.503
BHARTIARTL,1891.4,1504.3446
BHARTIARTL,1913.0,1504.3841
BHARTIARTL,1902.6,1504.8478
BHARTIARTL,1904.5,1506.0324
BHARTIARTL,1939.5,1507.0902
BHARTIARTL,1941.3,1508.7571
BHARTIARTL,1941.1,1511.6238
BHARTIARTL,1962.4,1514.7144
BHARTIARTL,1956.2,1518.5161
BHARTIARTL,1938.7,1522.3275
BHARTIARTL,1931.1,1525.4586
BHARTIARTL,1935.6,1527.5435
BHARTIARTL,1916.6,1528.7517
BHARTIARTL,1902.2,1529.2276
BHARTIARTL,1878.4,1528.6078
BHARTIARTL,1867.6,1526.5106
BHARTIARTL,1867.6,1523.101
BHARTIARTL,1896.7,1519.0852
BHARTIARTL,1903.1,1515.2868
BHARTIARTL,1929.0,1512.803
BHARTIARTL,1943.5,1511.8188
BHARTIARTL,1942.0,1512.5074
BHARTIARTL,1939.9,1514.2576
BHARTIARTL,1954.9,1516.3493
BHARTIARTL,1946.6,1518.7022
BHARTIARTL,1968.5,1521.2646
BHARTIARTL,1967.4,1523.8548
BHARTIARTL,2012.0,1526.5864
BHARTIARTL,2051.5,1529.7334
BHARTIARTL,2043.5,1534.0647
BHARTIARTL,2043.5,1538.485
BHARTIARTL,2007.9,1542.4279
BHARTIARTL,2029.3,1545.5397
BHARTIARTL,2080.1001,1548.0205
BHARTIARTL,2090.2,1550.8109
BHARTIARTL,2100.6001,1553.8769
BHARTIARTL,2066.3,1556.9638
BHARTIARTL,2054.5,1559.447
BHARTIARTL,2074.0,1561.0696
BHARTIARTL,2113.3,1562.239
BHARTIARTL,2113.3,1563.8704
BHARTIARTL,2094.8999,1565.6472
BHARTIARTL,2001.2,1567.19
BHARTIARTL,2019.8,1566.1432
BHARTIARTL,2042.3,1563.75
BHARTIARTL,2073.8,1561.1853
BHARTIARTL,2091.8,1559.3025
BHARTIARTL,2100.7,1558.5805
BHARTIARTL,2112.2,1558.8844
BHARTIARTL,2149.2,1559.8863
BHARTIARTL,2159.8,1561.904
BHARTIARTL,2158.3,1564.6614
BHARTIARTL,2162.7,1567.5108
BHARTIARTL,2152.1001,1570.4814
BHARTIARTL,2161.6001,1573.0788
BHARTIARTL,2126.8,1575.206
BHARTIARTL,2115.6001,1576.4744
BHARTIARTL,2101.6001,1576.6384
BHARTIARTL,2089.7,1575.9812
BHARTIARTL,2104.0,1574.5555
BHARTIARTL,2086.0,1572.7616
BHARTIARTL,2103.8,1570.9782
BHARTIARTL,2108.8,1569.2265
BHARTIARTL,2086.2,1567.8269
BHARTIARTL,2089.7,1566.7539
BHARTIARTL,2067.0,1565.4086
BHARTIARTL,2053.2,1563.9556
BHARTIARTL,2083.3999,1561.9253
BHARTIARTL,2069.7,1559.6306
BHARTIARTL,2102.0,1557.9188
BHARTIARTL,2108.0,1556.4782
BHARTIARTL,2092.0,1556.7126
BHARTIARTL,2097.7,1557.4211
BHARTIARTL,2147.6001,1558.8375
BHARTIARTL,2122.8999,1561.0552
BHARTIARTL,2123.7,1564.2451
BHARTIARTL,2123.7,1567.2452
BHARTIARTL,2105.3999,1570.0205
BHARTIARTL,2081.6001,1572.0821
BHARTIARTL,2099.8,1572.8024
BHARTIARTL,2105.6001,1572.5706
BHARTIARTL,2110.3999,1572.4421
BHARTIARTL,2106.3,1572.5368
BHARTIARTL,2105.0,1572.8141
BHARTIARTL,2105.3,1572.9241
BHARTIARTL,2084.2,1572.995
BHARTIARTL,2066.3,1572.9152
BHARTIARTL,2027.1,1571.741
BHARTIARTL,2044.0,1568.742
BHARTIARTL,2026.9,1564.8006
BHARTIARTL,2022.5,1560.9606
BHARTIARTL,2022.5,1557.1679
BHARTIARTL,2016.4,1553.8288
BHARTIARTL,2010.0,1550.9224
BHARTIARTL,1996.0,1548.361
BHARTIARTL,1996.1,1545.8004
BHARTIARTL,2002.2,1543.4547
BHARTIARTL,1984.7,1541.4754
BHARTIARTL,1984.7,1539.8037
BHARTIARTL,1973.4,1538.1461
BHARTIARTL,1957.7,1536.5835
BHARTIARTL,1967.9,1534.6568
BHARTIARTL,1968.7,1532.603
BHARTIARTL,1965.4,1530.9536
BHARTIARTL,1997.3,1529.9595
BHARTIARTL,2025.8,1529.1938
BHARTIARTL,1992.4,1529.8753
BHARTIARTL,2038.4,1531.453
BHARTIARTL,2038.2,1533.4294
BHARTIARTL,2011.3,1536.6943
BHARTIARTL,2012.1,1539.8094
BHARTIARTL,2014.5,1542.1868
BHARTIARTL,2004.7,1544.0965
SBIN,800.4277,737.0546
SBIN,802.6335,737.8847
SBIN,767.097,738.5978
SBIN,768.8126,734.2568
SBIN,767.2441,729.654
SBIN,753.4706,725.0694
SBIN,772.2437,719.8863
SBIN,775.2827,717.249
SBIN,770.087,716.0418
SBIN,767.4892,715.329
SBIN,777.1453,714.7878
SBIN,774.4004,715.2481
SBIN,766.3128,715.733
SBIN,786.0661,715.0069
SBIN,782.537,716.0503
SBIN,777.4883,717.1296
SBIN,786.0661,717.5599
SBIN,786.8504,718.9748
SBIN,772.3907,720.6244
SBIN,781.2626,720.6585
SBIN,781.2626,721.3274
SBIN,778.4687,722.2293
SBIN,780.9685,722.891
SBIN,755.4803,723.6179
SBIN,766.0677,721.0097
SBIN,781.7037,719.1588
SBIN,781.4096,719.4348
SBIN,784.0074,720.3588
SBIN,789.3012,721.8671
SBIN,788.811,723.8564
SBIN,789.5953,725.7621
SBIN,795.085,727.5006
SBIN,804.251,729.5617
SBIN,797.928,732.5959
SBIN,774.8416,734.2876
SBIN,770.5281,732.8177
SBIN,778.9098,730.3825
SBIN,765.5776,728.8332
SBIN,776.459,726.176
SBIN,816.3089,724.9853
SBIN,806.2606,728.1268
SBIN,804.0549,730.9237
SBIN,805.0353,733.4455
SBIN,813.515,735.7229
SBIN,832.4841,738.2505
SBIN,837.9738,741.5298
SBIN,842.6793,744.7188
SBIN,826.5532,747.9263
SBIN,830.9646,749.2268
SBIN,810.427,750.4994
SBIN,792.7323,750.4022
SBIN,788.4189,748.4554
SBIN,788.4189,745.8205
SBIN,798.2711,743.2024
SBIN,787.1935,741.8092
SBIN,787.1935,740.2006
SBIN,765.3815,738.7856
SBIN,799.9866,735.7726
SBIN,827.8276,735.0216
SBIN,822.877,736.8193
SBIN,817.6813,738.4899
SBIN,822.3378,739.5097
SBIN,822.4359,740.5731
SBIN,819.936,741.4967
SBIN,837.1406,742.2576
SBIN,842.7774,744.1392
SBIN,848.4142,746.5618
SBIN,846.6497,749.1379
SBIN,841.1599,751.9687
SBIN,850.4238,754.5418
SBIN,844.64,757.4357
SBIN,836.8955,759.4769
SBIN,844.5909,760.5408
SBIN,844.0028,761.7309
SBIN,833.8075,762.6413
SBIN,821.6516,762.7824
SBIN,816.4069,761.6383
SBIN,796.0164,759.3957
SBIN,804.9863,754.8883
SBIN,796.0654,751.21
SBIN,796.0654,747.4629
SBIN,796.4575,744.2227
SBIN,783.9095,741.4909
SBIN,772.7828,738.4012
SBIN,779.3019,734.8337
SBIN,777.5864,731.9677
SBIN,785.429,729.3113
SBIN,777.7825,727.6976
SBIN,761.1171,725.9201
SBIN,763.4208,723.4621
SBIN,755.9705,721.1349
SBIN,745.4811,718.5019
SBIN,728.6196,715.3371
SBIN,715.1403,711.0265
SBIN,733.4232,705.8262
SBIN,738.864,702.4385
SBIN,751.2159,700.2862
SBIN,749.0592,699.8894
SBIN,763.911,699.8136
SBIN,744.1086,700.9002
SBIN,738.6188,700.7208
SBIN,731.2175,699.7479
SBIN,729.502,697.8205
SBIN,734.4525,695.4268
SBIN,737.5895,693.4086
SBIN,743.5204,692.3569
SBIN,747.5887,692.4375
SBIN,757.686,693.5863
SBIN,745.9713,696.1891
SBIN,763.862,697.9069
SBIN,750.9708,700.9541
SBIN,737.4424,702.4047
SBIN,722.6887,701.7706
SBIN,722.2966,698.9517
SBIN,716.7088,695.5972
SBIN,718.7184,691.8728
SBIN,713.3267,688.8408
SBIN,707.935,685.9866
SBIN,713.3757,683.3028
SBIN,711.5131,681.4422
SBIN,712.9836,680.1418
SBIN,715.3364,679.1567
SBIN,707.7879,678.4576
SBIN,702.2982,677.0464
SBIN,696.9064,675.1587
SBIN,696.9064,672.8273
SBIN,690.0443,670.6588
SBIN,675.2415,668.1232
SBIN,681.6135,664.4969
SBIN,701.955,661.7699
SBIN,715.9735,661.6196
SBIN,717.6401,663.9352
SBIN,718.3263,667.2208
SBIN,714.5521,670.53
SBIN,715.4834,673.003
SBIN,708.8173,674.9633
SBIN,713.5228,675.7884
SBIN,713.5228,676.5425
SBIN,708.9153,676.9521
SBIN,708.9153,676.857
SBIN,730.4332,677.0157
SBIN,734.7956,679.9485
SBIN,738.3738,683.6893
SBIN,765.4305,687.6448
SBIN,757.637,693.0437
SBIN,748.9612,697.1164
SBIN,757.0978,699.5081
SBIN,756.3135,701.7899
SBIN,756.3135,703.5989
SBIN,756.5096,705.0907
SBIN,760.676,706.4081
SBIN,763.862,708.2629
SBIN,752.3433,710.3861
SBIN,732.1978,711.2614
SBIN,753.4706,710.0929
SBIN,727.5903,710.1445
SBIN,727.5903,707.6826
SBIN,739.0109,705.0126
SBIN,739.0109,703.4255
SBIN,748.471,702.1615
SBIN,756.5587,702.1747
SBIN,781.7527,703.532
SBIN,781.7527,707.5966
SBIN,800.6238,711.5202
SBIN,806.2117,716.1439
SBIN,797.4378,720.778
SBIN,797.3888,723.641
SBIN,782.9291,725.7694
SBIN,801.261,726.3823
SBIN,796.5555,727.8294
SBIN,773.126,728.9624
SBIN,773.126,728.3778
SBIN,781.0175,727.8511
SBIN,774.4494,727.8273
SBIN,758.8624,727.6616
SBIN,760.823,726.3198
SBIN,753.8627,724.7254
SBIN,763.911,722.3777
SBIN,785.8701,720.633
SBIN,785.9681,721.233
SBIN,784.9388,722.2704
SBIN,791.85,723.0177
SBIN,792.1,724.3569
SBIN,795.0,725.837
SBIN,785.65,727.547
SBIN,787.1,728.0632
SBIN,785.25,728.617
SBIN,790.5,728.8452
SBIN,794.4,729.7482
SBIN,793.7,731.5566
SBIN,796.55,733.3954
SBIN,797.35,735.32
SBIN,812.3,737.2399
SBIN,813.65,740.3185
SBIN,809.8,743.3452
SBIN,806.5,745.4563
SBIN,806.0,746.6924
SBIN,813.05,747.4402
SBIN,820.05,748.919
SBIN,817.05,751.1454
SBIN,815.05,752.8293
SBIN,805.95,754.0688
SBIN,792.35,753.7633
SBIN,792.5,751.4342
SBIN,792.3,748.7597
SBIN,791.9,746.0561
SBIN,785.1,743.5151
SBIN,796.15,740.3835
SBIN,790.2,739.1121
SBIN,795.4,737.8781
SBIN,800.05,737.5777
SBIN,797.05,738.1763
SBIN,805.4,738.4556
SBIN,820.35,739.6596
SBIN,820.3,742.8336
SBIN,812.9,746.1151
SBIN,807.1,748.0936
SBIN,811.85,748.5838
SBIN,806.85,749.2706
SBIN,812.65,749.1248
SBIN,810.95,749.6641
SBIN,808.0,750.147
SBIN,808.65,750.1525
SBIN,808.85,750.2394
SBIN,816.45,750.487
SBIN,831.7,751.7264
SBIN,829.0,754.6575
SBIN,823.35,757.1746
SBIN,824.2,758.6147
SBIN,815.0,759.5833
SBIN,820.65,758.9008
SBIN,815.7,758.5828
SBIN,806.55,757.4265
SBIN,797.15,754.7572
SBIN,799.2,750.7587
SBIN,801.65,747.3647
SBIN,796.55,745.0966
SBIN,794.0,742.7757
SBIN,795.7,740.5165
SBIN,800.6,738.8481
SBIN,805.15,738.1526
SBIN,805.15,738.5946
SBIN,804.3,739.2958
SBIN,823.45,739.803
SBIN,820.6,742.4928
SBIN,821.85,745.1163
SBIN,826.55,747.8368
SBIN,826.55,750.7995
SBIN,827.65,753.4085
SBIN,830.4,755.7862
SBIN,828.95,758.0998
SBIN,825.7,759.9166
SBIN,816.25,760.8754
SBIN,816.45,760.1169
SBIN,807.85,759.1255
SBIN,807.85,756.8448
SBIN,801.95,754.4716
SBIN,802.5,751.5021
SBIN,806.05,748.6842
SBIN,803.9,746.6807
SBIN,812.15,744.8837
SBIN,809.4,744.6575
SBIN,806.6,744.4873
SBIN,808.8,743.8748
SBIN,808.85,743.6463
SBIN,818.2,743.4645
SBIN,823.65,744.8558
SBIN,823.55,747.3713
SBIN,824.75,750.0679
SBIN,831.55,752.8425
SBIN,857.15,756.2764
SBIN,854.35,761.7391
SBIN,862.35,766.1234
SBIN,855.25,770.1071
SBIN,870.6,772.5291
SBIN,866.2,775.1753
SBIN,861.15,776.9934
SBIN,856.95,778.0035
SBIN,870.75,778.2657
SBIN,872.45,779.2981
SBIN,864.1,780.5683
SBIN,864.1,781.4162
SBIN,867.3,782.0512
SBIN,874.05,782.9253
SBIN,864.7,784.2173
SBIN,858.25,784.7284
SBIN,862.1,784.2219
SBIN,880.65,783.7419
SBIN,882.95,785.063
SBIN,876.95,787.178
SBIN,886.1,788.7218
SBIN,886.95,790.9052
SBIN,889.15,792.8523
SBIN,907.5,794.7115
SBIN,907.85,797.8733
SBIN,907.85,800.4437
SBIN,911.55,802.4638
SBIN,904.5,804.3683
SBIN,922.75,805.4215
SBIN,930.25,807.44
SBIN,939.75,809.6038
SBIN,934.35,812.3263
SBIN,937.0,814.3525
SBIN,949.7,816.232
SBIN,957.6,818.7923
SBIN,957.6,821.5772
SBIN,960.75,824.1308
SBIN,955.85,826.647
SBIN,951.15,828.3262
SBIN,953.3,829.4538
SBIN,957.15,830.4965
SBIN,954.0,831.7517
SBIN,967.85,832.5332
SBIN,973.35,834.157
SBIN,972.45,836.2086
SBIN,982.75,838.1727
SBIN,981.55,840.6269
SBIN,972.6,842.7136
SBIN,970.6,843.5729
SBIN,983.6,843.6985
SBIN,983.9,844.7107
SBIN,972.85,845.7282
SBIN,979.0,845.3935
SBIN,973.1,845.5677
SBIN,967.3,845.0543
SBIN,951.05,843.7201
SBIN,948.1,840.4293
SBIN,971.5,836.7232
SBIN,956.4,835.6171
SBIN,959.35,833.4452
SBIN,959.75,831.979
SBIN,963.25,830.8008
SBIN,963.15,830.0904
SBIN,967.25,829.6874
SBIN,961.15,829.9133
SBIN,975.85,829.4619
SBIN,977.55,830.5462
SBIN,980.3,832.0235
SBIN,974.3,834.1135
SBIN,971.9,835.1004
SBIN,968.95,835.512
SBIN,968.95,835.3112
SBIN,966.3,834.9785
SBIN,965.05,834.2968
SBIN,973.45,833.4999
SBIN,982.2,833.8794
SBIN,984.75,835.8002
SBIN,998.95,838.2461
SBIN,1005.55,841.8934
SBIN,1018.9,845.4835
SBIN,1007.15,849.2867
SBIN,998.0,851.2079
SBIN,1000.5,851.5574
SBIN,1015.15,851.5155
SBIN,1028.45,852.3505
SBIN,1028.35,854.181
SBIN,1028.35,856.1386
SBIN,1042.3,858.03
SBIN,1038.4,860.754
SBIN,1036.4,863.0473
SBIN,1028.65,865.0231
SBIN,1048.35,865.87
SBIN,1029.5,867.3892
SBIN,1029.5,867.2784
SBIN,1053.15,867.0353
SBIN,1063.5,868.4012
SBIN,1066.2,870.4691
SBIN,1077.15,872.6813
SBIN,1028.7,875.4528
SBIN,1064.2,874.0937
SBIN,1068.2,874.2555
SBIN,1073.5,874.2609
SBIN,1066.4,874.9002
SBIN,1146.0,874.8932
SBIN,1144.1,878.2745
SBIN,1182.9,881.2235
SBIN,1192.4,885.341
SBIN,1198.6,889.1911
LT,3617.0662,3360.8655
LT,3590.6621,3363.429
LT,3541.7187,3363.8493
LT,3545.2361,3361.479
LT,3562.9209,3358.0747
LT,3504.2681,3355.1593
LT,3588.5322,3349.7827
LT,3579.6152,3347.8078
LT,3628.4102,3346.1863
LT,3661.0557,3346.9108
LT,3695.98,3350.0037
LT,3649.6621,3355.3791
LT,3758.8437,3358.9904
LT,3752.7009,3366.7182
LT,3756.5652,3374.8418
LT,3758.7944,3382.4906
LT,3727.387,3390.1678
LT,3671.4092,3395.3646
LT,3641.5874,3397.6688
LT,3619.7412,3397.4997
LT,3619.7412,3395.6666
LT,3465.3311,3393.1571
LT,3461.6653,3385.578
LT,3436.302,3375.2907
LT,3499.76,3364.0961
LT,3454.8787,3355.1292
LT,3428.376,3345.5854
LT,3450.3708,3335.2622
LT,3522.2009,3326.0639
LT,3519.0798,3320.3281
LT,3499.9583,3315.9596
LT,3537.3101,3311.5751
LT,3544.7407,3309.8197
LT,3552.4685,3309.1232
LT,3479.4495,3309.4961
LT,3423.4714,3307.2498
LT,3410.8394,3302.6301
LT,3295.6636,3296.8277
LT,3309.9307,3286.871
LT,3349.6599,3275.6745
LT,3376.8564,3266.4379
LT,3588.8293,3259.2727
LT,3592.842,3261.5089
LT,3541.4214,3267.0857
LT,3541.7683,3271.5968
LT,3611.7654,3276.4533
LT,3612.8555,3284.1489
LT,3626.4783,3292.5578
LT,3595.3191,3301.9317
LT,3558.1655,3309.5872
LT,3515.1663,3314.7005
LT,3493.667,3317.0562
LT,3493.667,3316.1704
LT,3509.4199,3314.9331
LT,3473.5049,3314.4149
LT,3473.5049,3312.4934
LT,3451.312,3309.6255
LT,3570.2031,3305.858
LT,3718.3218,3306.4541
LT,3668.3875,3313.8254
LT,3664.5234,3321.3611
LT,3632.1753,3328.5894
LT,3690.3823,3334.3255
LT,3669.824,3341.4236
LT,3752.0571,3347.7432
LT,3754.8806,3356.2919
LT,3796.146,3365.1219
LT,3830.9709,3374.8233
LT,3910.8264,3384.305
LT,3886.8994,3394.8715
LT,3880.5586,3405.2771
LT,3824.2339,3414.6877
LT,3851.0835,3421.3111
LT,3842.0181,3427.4053
LT,3772.0208,3433.0578
LT,3723.4241,3435.2688
LT,3682.0105,3434.8216
LT,3596.3098,3431.7036
LT,3606.8613,3424.8447
LT,3606.1182,3416.9662
LT,3606.1182,3409.3447
LT,3595.9629,3401.8457
LT,3574.7607,3394.494
LT,3545.8799,3386.467
LT,3574.3147,3377.7361
LT,3633.6118,3370.5245
LT,3679.1868,3366.4087
LT,3626.0818,3365.1752
LT,3569.9058,3363.4954
LT,3609.6355,3359.5867
LT,3563.1194,3356.9817
LT,3495.3015,3353.5765
LT,3503.4753,3347.8362
LT,3432.2893,3341.7776
LT,3430.6052,3333.595
LT,3469.0464,3324.3475
LT,3475.4863,3316.7324
LT,3535.675,3310.1063
LT,3559.8,3307.1622
LT,3508.3799,3306.8316
LT,3485.6912,3305.1166
LT,3470.8794,3302.6352
LT,3426.2456,3299.8657
LT,3425.7007,3295.2551
LT,3382.355,3290.5804
LT,3417.8242,3284.2961
LT,3389.3398,3278.9714
LT,3534.4365,3273.0482
LT,3258.8071,3273.5091
LT,3407.3716,3266.5402
LT,3351.9387,3261.7489
LT,3321.77,3256.6032
LT,3306.0664,3249.8285
LT,3297.8926,3242.3566
LT,3209.7151,3234.3846
LT,3259.2529,3223.8732
LT,3233.4934,3213.8274
LT,3207.7336,3203.9246
LT,3192.0798,3192.4903
LT,3190.3953,3182.2416
LT,3245.6301,3171.1221
LT,3245.5312,3163.1133
LT,3284.468,3156.7729
LT,3227.5984,3153.0715
LT,3196.092,3148.7078
LT,3196.092,3143.6516
LT,3179.8438,3138.1409
LT,3134.6157,3132.4737
LT,3167.7566,3124.8158
LT,3183.3113,3118.3388
LT,3209.7151,3113.2984
LT,3229.7778,3110.0851
LT,3214.7185,3109.2234
LT,3148.3376,3108.4105
LT,3165.9236,3104.3743
LT,3164.1401,3100.6975
LT,3157.8489,3097.2588
LT,3157.8489,3093.6553
LT,3144.1267,3090.2449
LT,3144.1267,3085.5963
LT,3288.877,3081.0226
LT,3320.0859,3086.2739
LT,3384.386,3096.0306
LT,3449.6772,3109.8758
LT,3437.5405,3127.5908
LT,3412.9695,3145.1963
LT,3469.2449,3161.297
LT,3460.0308,3178.3567
LT,3460.0308,3194.5852
LT,3405.0435,3209.6886
LT,3388.2996,3221.0717
LT,3388.5471,3228.7595
LT,3230.0256,3234.9394
LT,3040.1465,3233.7822
LT,3131.8911,3223.4742
LT,3025.9292,3212.3554
LT,3025.9292,3197.9754
LT,3087.1582,3181.0094
LT,3087.1582,3165.4343
LT,3227.4993,3150.5241
LT,3197.8755,3141.0194
LT,3217.2944,3133.4039
LT,3217.2944,3127.3105
LT,3250.1877,3123.5082
LT,3227.6975,3123.0469
LT,3270.4983,3122.3495
LT,3270.1021,3124.4465
LT,3241.8655,3127.6112
LT,3296.5552,3129.8221
LT,3291.6016,3134.1941
LT,3310.1287,3138.4832
LT,3310.1287,3144.089
LT,3304.085,3150.2723
LT,3299.4285,3156.3097
LT,3303.1934,3161.6962
LT,3290.7097,3167.0964
LT,3293.1865,3171.2731
LT,3412.0776,3175.021
LT,3554.0537,3184.169
LT,3534.0403,3199.0436
LT,3540.0842,3214.006
LT,3584.7673,3228.3447
LT,3571.3921,3243.4155
LT,3566.9336,3257.3985
LT,3534.833,3270.0471
LT,3555.8372,3280.5094
LT,3518.5845,3290.4602
LT,3566.6362,3298.1852
LT,3614.9854,3305.4438
LT,3606.366,3313.1899
LT,3612.6077,3320.7191
LT,3621.5244,3328.0363
LT,3641.1416,3335.05
LT,3645.6001,3342.4937
LT,3644.8,3349.8578
LT,3626.5,3356.9688
LT,3642.6001,3362.459
LT,3656.3,3368.342
LT,3678.8999,3374.2935
LT,3679.8,3380.5789
LT,3684.8,3386.7323
LT,3603.8999,3392.5581
LT,3587.3999,3392.9762
LT,3628.7,3391.0974
LT,3622.3,3390.909
LT,3601.5,3390.5799
LT,3621.1001,3388.7714
LT,3662.0,3387.421
LT,3583.7,3388.6305
LT,3604.8,3384.7478
LT,3619.8,3381.3616
LT,3659.6001,3379.5192
LT,3679.2,3381.0602
LT,3669.8,3384.4174
LT,3666.7,3387.1023
LT,3596.8,3389.4618
LT,3582.8999,3387.48
LT,3594.6001,3383.5988
LT,3581.3999,3380.1201
LT,3606.3999,3376.6315
LT,3579.7,3374.4678
LT,3574.7,3371.0797
LT,3540.6001,3366.954
LT,3495.8999,3360.9766
LT,3494.0,3352.9425
LT,3503.8,3344.8092
LT,3474.0,3338.036
LT,3464.8,3330.5011
LT,3502.8,3322.5535
LT,3464.6001,3317.1531
LT,3484.8999,3310.8771
LT,3477.5,3305.8894
LT,3442.8999,3301.1897
LT,3422.2,3295.5663
LT,3495.6001,3289.1644
LT,3665.1001,3286.9759
LT,3636.5,3294.0107
LT,3587.3,3302.2846
LT,3631.1001,3308.3816
LT,3652.6001,3315.3534
LT,3628.3999,3323.713
LT,3641.6001,3330.8142
LT,3607.6001,3337.789
LT,3668.3999,3343.1504
LT,3686.1001,3349.9324
LT,3693.7,3356.7833
LT,3677.0,3362.5518
LT,3677.0,3367.66
LT,3635.1001,3372.4593
LT,3613.0,3374.6944
LT,3592.3,3375.074
LT,3612.6001,3374.0939
LT,3595.8,3373.2858
LT,3603.1001,3371.7396
LT,3541.3,3369.4355
LT,3541.3,3363.3484
LT,3560.1001,3356.6753
LT,3601.0,3351.5015
LT,3598.3999,3349.0251
LT,3574.8999,3347.4497
LT,3600.8,3344.9606
LT,3592.6001,3344.0278
LT,3553.6001,3343.1275
LT,3529.6001,3340.3557
LT,3525.0,3336.0573
LT,3550.0,3331.7236
LT,3539.7,3328.5538
LT,3579.8,3325.5277
LT,3586.2,3325.2885
LT,3667.8,3326.624
LT,3685.5,3333.5028
LT,3686.0,3341.8477
LT,3675.3999,3350.1086
LT,3644.5,3357.5997
LT,3657.6001,3362.8856
LT,3673.8,3368.0487
LT,3644.3999,3373.4489
LT,3729.5,3376.9049
LT,3688.3999,3383.1909
LT,3659.0,3387.6977
LT,3670.3,3389.4532
LT,3670.3,3391.0557
LT,3733.1001,3392.5056
LT,3737.0,3396.4669
LT,3729.7,3401.0923
LT,3729.8,3404.8838
LT,3769.2,3408.2724
LT,3784.0,3413.4247
LT,3769.5,3418.6856
LT,3744.3,3423.2173
LT,3828.7,3425.8071
LT,3861.8,3431.3878
LT,3839.3999,3438.3291
LT,3872.7,3443.3623
LT,3888.2,3448.9472
LT,3888.2,3454.9046
LT,3918.7,3460.4663
LT,3904.8999,3466.2746
LT,3923.8,3471.0834
LT,3972.8,3476.0692
LT,3958.1001,3482.3064
LT,3987.5,3487.1983
LT,4030.8999,3492.4013
LT,3980.5,3498.7774
LT,3924.3999,3502.4953
LT,3924.3999,3503.2213
LT,3881.6001,3503.3091
LT,3882.5,3501.2785
LT,3918.5,3498.8507
LT,3955.0,3497.7385
LT,3954.6001,3498.1927
LT,4002.5,3499.1188
LT,4004.3999,3501.7866
LT,4027.7,3504.6059
LT,3999.6001,3508.4925
LT,4019.6001,3511.0874
LT,4037.3999,3513.923
LT,4024.8999,3517.5846
LT,4013.3,3520.2931
LT,3996.7,3521.7285
LT,4062.0,3521.8335
LT,4081.3,3524.4167
LT,4069.6001,3527.7871
LT,4073.2,3530.4985
LT,4030.5,3532.8734
LT,3988.0,3533.1894
LT,3983.6001,3531.007
LT,4038.2,3528.1484
LT,3996.7,3527.9623
LT,3997.5,3526.0559
LT,3991.3,3523.6934
LT,4003.8999,3520.6041
LT,4074.1001,3518.341
LT,4092.3,3520.4038
LT,4063.8,3523.8185
LT,4062.3999,3525.5956
LT,4031.1001,3527.0169
LT,4073.5,3526.5553
LT,4072.3999,3527.6631
LT,4058.8,3529.341
LT,4053.6001,3529.9434
LT,4053.6001,3530.0931
LT,4047.3,3530.1256
LT,4038.7,3529.4836
LT,4052.0,3528.3426
LT,4083.5,3528.1851
LT,4140.3999,3529.9487
LT,4163.3999,3534.7067
LT,4150.3999,3539.8366
LT,4140.6001,3543.7334
LT,4157.0,3546.6019
LT,4028.3999,3549.7453
LT,4025.2,3546.4391
LT,4019.0,3542.0277
LT,3887.3999,3537.7742
LT,3865.8,3529.3134
LT,3865.8,3519.6016
LT,3856.3999,3510.1287
LT,3869.8,3500.8826
LT,3810.5,3492.7811
LT,3766.5,3483.7631
LT,3793.8,3473.5867
LT,3743.8,3465.2056
LT,3743.8,3456.0524
LT,3787.8,3446.9486
LT,3794.0,3440.7371
LT,3932.8999,3435.5436
LT,3932.3,3435.973
LT,3921.3,3438.0114
LT,4038.8,3440.0749
LT,4087.1001,3446.5365
LT,4063.3,3455.7508
LT,4068.1001,3464.1583
LT,4113.6001,3472.4962
LT,4169.0,3481.5501
LT,4170.3999,3491.3455
LT,4185.8999,3500.7933
LT,4173.8999,3509.0403
ITC,461.6369,453.0934
ITC,466.0587,453.7189
ITC,457.3976,454.5607
ITC,466.5601,454.6634
ITC,468.2467,455.0879
ITC,468.9305,455.7684
ITC,473.6257,456.541
ITC,468.4746,457.6411
ITC,465.9675,458.3672
ITC,462.9133,458.6786
ITC,462.5486,458.5288
ITC,463.3692,458.1452
ITC,468.9761,457.7253
ITC,471.3009,457.8018
ITC,469.751,458.2307
ITC,471.8479,458.705
ITC,476.5887,459.4021
ITC,476.5431,460.5038
ITC,472.3949,461.7454
ITC,470.6171,462.4897
ITC,470.6171,462.8013
ITC,467.4718,462.8882
ITC,459.0842,462.4914
ITC,465.1469,460.9865
ITC,463.0956,459.8181
ITC,448.2806,458.6341
ITC,448.5997,456.4159
ITC,445.0897,454.05
ITC,453.067,451.6076
ITC,454.5257,449.8435
ITC,449.6481,448.6671
ITC,445.7278,447.5685
ITC,443.7221,446.3933
ITC,440.9414,445.1682
ITC,439.2548,443.8514
ITC,437.9328,442.4816
ITC,430.0467,441.0705
ITC,439.7107,439.2844
ITC,441.3973,437.9969
ITC,444.8617,437.2585
ITC,448.1438,437.0897
ITC,445.6367,437.498
ITC,447.0042,438.0259
ITC,441.8076,438.6898
ITC,437.7961,439.017
ITC,438.6166,438.8093
ITC,435.6992,438.4357
ITC,435.8359,437.7455
ITC,434.8331,436.9193
ITC,431.0952,436.0274
ITC,430.5025,434.8333
ITC,424.8044,433.5549
ITC,424.8044,431.9176
ITC,425.3515,430.2363
ITC,426.0808,428.7132
ITC,426.0808,427.4039
ITC,416.7815,426.3406
ITC,432.7362,424.8124
ITC,434.6963,424.4583
ITC,434.8787,424.9831
ITC,434.8331,425.9021
ITC,432.9641,427.0064
ITC,434.6508,427.9914
ITC,435.061,429.0096
ITC,430.8216,430.0163
ITC,425.8529,430.5109
ITC,426.2176,430.2674
ITC,429.5452,429.7293
ITC,423.8927,429.4308
ITC,424.3486,428.7115
ITC,424.1663,427.9219
ITC,419.9268,427.1132
ITC,428.4968,425.9237
ITC,428.588,425.5374
ITC,428.0865,425.5411
ITC,428.9527,425.6794
ITC,425.3515,425.9664
ITC,423.6192,425.8625
ITC,432.3715,425.4663
ITC,436.2006,425.9439
ITC,436.2006,427.0892
ITC,434.8331,428.4616
ITC,436.3374,429.7232
ITC,434.8787,431.0033
ITC,440.9414,432.0516
ITC,441.215,433.3981
ITC,445.8646,434.7433
ITC,439.0725,436.3199
ITC,419.1043,437.2986
ITC,417.6368,436.2454
ITC,425.6373,434.2548
ITC,426.1581,432.4592
ITC,421.2346,430.8545
ITC,415.6958,429.0995
ITC,413.3761,427.0639
ITC,414.0862,424.9057
ITC,409.8256,422.9065
ITC,416.7847,420.881
ITC,414.4176,419.4545
ITC,414.2756,418.3112
ITC,413.7549,417.2929
ITC,416.7847,416.4289
ITC,418.1102,415.9857
ITC,416.6899,415.9419
ITC,412.2873,415.9902
ITC,410.299,415.7673
ITC,412.9974,415.2676
ITC,423.6963,414.8785
ITC,430.182,415.6083
ITC,430.9394,417.2625
ITC,424.3117,419.2569
ITC,417.6368,420.7761
ITC,407.932,421.4493
ITC,404.4762,420.9248
ITC,396.0496,419.5922
ITC,394.2222,417.406
ITC,394.0299,414.7602
ITC,394.5588,411.9976
ITC,392.972,409.3892
ITC,389.7501,407.079
ITC,390.8561,404.8554
ITC,386.6725,402.891
ITC,385.5665,400.9312
ITC,386.5282,398.9508
ITC,389.3654,397.1203
ITC,389.3654,395.6947
ITC,386.2397,394.5528
ITC,379.8921,393.4607
ITC,382.2484,392.1378
ITC,379.7479,390.916
ITC,389.5577,389.6549
ITC,390.1829,389.228
ITC,388.4517,389.3879
ITC,389.5096,389.6848
ITC,390.6638,390.1872
ITC,396.6266,390.9073
ITC,396.29,392.2903
ITC,396.29,393.7975
ITC,392.3468,395.2761
ITC,393.4529,396.19
ITC,387.6342,396.8643
ITC,388.4998,396.7505
ITC,390.0386,396.3904
ITC,395.184,396.076
ITC,394.126,396.287
ITC,391.7698,396.6147
ITC,393.7894,396.735
ITC,394.078,396.9896
ITC,394.078,397.2905
ITC,391.0965,397.5656
ITC,393.4048,397.3532
ITC,393.7413,397.3192
ITC,394.0299,397.3502
ITC,390.5195,397.4542
ITC,396.7708,396.9998
ITC,400.3774,397.4257
ITC,400.3774,398.5166
ITC,405.4266,399.7744
ITC,405.4266,401.5188
ITC,404.3206,403.2805
ITC,408.2158,404.7745
ITC,410.9086,406.4013
ITC,410.9086,408.1288
ITC,406.6769,409.7739
ITC,417.0157,410.7184
ITC,414.3709,411.9367
ITC,413.6015,413.0199
ITC,411.4376,413.9007
ITC,412.3994,414.4326
ITC,409.7065,414.8666
ITC,409.5141,414.932
ITC,409.5141,414.8194
ITC,413.0726,414.6373
ITC,420.2376,414.7702
ITC,418.8912,415.6504
ITC,414.6595,416.6819
ITC,414.1305,417.2745
ITC,407.3501,417.596
ITC,418.8431,416.9027
ITC,411.5338,416.9707
ITC,412.6879,416.4828
ITC,416.1021,415.9887
ITC,419.0355,415.8995
ITC,418.6988,416.275
ITC,418.2661,416.8508
ITC,416.4387,417.5086
ITC,409.8026,417.9373
ITC,419.6125,417.4467
ITC,425.9601,417.6117
ITC,417.3043,418.4508
ITC,411.5744,418.7352
ITC,410.1541,418.2685
ITC,409.4685,417.3915
ITC,410.6928,416.3299
ITC,408.3911,415.3955
ITC,408.4401,414.4093
ITC,410.4969,413.491
ITC,412.4069,412.8789
ITC,414.3659,412.6358
ITC,418.2348,412.8769
ITC,417.4022,413.7297
ITC,412.3579,414.6858
ITC,405.4037,415.0899
ITC,409.6154,414.5802
ITC,408.8318,414.1427
ITC,407.3626,413.6446
ITC,407.4606,413.0043
ITC,409.9582,412.3602
ITC,405.4037,412.0738
ITC,405.8445,411.4937
ITC,407.8034,410.9526
ITC,411.6723,410.7284
ITC,410.0562,411.1208
ITC,407.9014,411.4989
ITC,406.5791,411.5959
ITC,404.4732,411.4312
ITC,404.865,410.9029
ITC,404.0814,410.3279
ITC,407.6075,409.719
ITC,408.636,409.6309
ITC,410.8398,409.9409
ITC,408.2932,410.8307
ITC,408.2442,411.447
ITC,410.7908,411.9427
ITC,413.4354,412.7756
ITC,415.8841,413.955
ITC,415.2474,415.37
ITC,414.072,416.6123
ITC,411.4764,417.4989
ITC,407.4606,417.7499
ITC,406.4322,417.1259
ITC,401.5348,416.0196
ITC,400.9961,414.1601
ITC,401.4858,412.0955
ITC,400.0656,410.1533
ITC,399.233,408.2554
ITC,403.4937,406.4657
ITC,407.9014,405.4976
ITC,408.2932,405.5343
ITC,405.6486,406.1259
ITC,403.5427,406.6355
ITC,405.1099,406.8655
ITC,405.9914,407.1728
ITC,408.2932,407.5763
ITC,407.8034,408.2918
ITC,405.5996,409.0471
ITC,403.004,409.4849
ITC,403.004,409.4095
ITC,397.9597,409.1329
ITC,400.7022,408.0505
ITC,397.7148,407.2016
ITC,397.2251,406.0415
ITC,390.1239,404.8062
ITC,391.1524,402.9155
ITC,395.0703,401.1046
ITC,395.0703,399.9597
ITC,392.6706,399.1912
ITC,401.3389,398.4373
ITC,397.519,398.7328
ITC,398.4005,399.1267
ITC,403.2978,399.6763
ITC,407.3626,400.787
ITC,398.9882,402.4537
ITC,399.1841,403.3845
ITC,401.6327,403.9583
ITC,404.5711,404.5811
ITC,406.5301,405.4517
ITC,405.2568,406.5164
ITC,404.1794,407.4509
ITC,404.6201,408.1407
ITC,400.8981,408.6787
ITC,403.1019,408.6582
ITC,402.2204,408.624
ITC,398.5964,408.425
ITC,394.9234,407.6529
ITC,392.7685,406.2561
ITC,391.887,404.4631
ITC,396.7843,402.5106
ITC,398.8902,401.2872
ITC,393.3072,400.7237
ITC,397.2741,399.9101
ITC,397.2741,399.5968
ITC,396.0008,399.5386
ITC,392.5236,399.5146
ITC,391.5931,399.146
ITC,391.5442,398.58
ITC,391.6911,397.9406
ITC,394.5316,397.3203
ITC,391.0544,397.2024
ITC,388.6547,396.9094
ITC,391.6911,396.3081
ITC,396.8333,396.0683
ITC,403.6896,396.7005
ITC,404.5711,398.4594
ITC,404.3753,400.5574
ITC,404.3753,402.6173
ITC,407.4116,404.4961
ITC,408.2442,406.3762
ITC,412.0151,408.1476
ITC,409.3216,409.9822
ITC,412.9456,411.3555
ITC,410.1541,412.6633
ITC,411.7213,413.556
ITC,405.4527,414.3201
ITC,400.5063,414.337
ITC,400.5063,413.5126
ITC,399.1351,412.2958
ITC,395.7559,410.7975
ITC,397.2251,408.943
ITC,398.4984,407.1745
ITC,398.6453,405.6993
ITC,397.372,404.4703
ITC,399.7717,403.339
ITC,398.7433,402.6831
ITC,397.519,402.215
ITC,395.2661,401.743
ITC,397.1272,401.0831
ITC,399.4779,400.6611
ITC,395.2661,400.6877
ITC,392.5726,400.4531
ITC,394.0418,399.8839
ITC,396.0008,399.4041
ITC,395.9518,399.2735
ITC,395.9518,399.3136
ITC,392.7195,399.4441
ITC,392.2788,399.0433
ITC,394.7764,398.4574
ITC,396.6374,398.3359
ITC,394.0418,398.7356
ITC,392.8175,398.85
ITC,394.8744,398.6901
ITC,394.6295,398.8485
ITC,391.887,399.0387
ITC,394.0418,398.7369
ITC,393.4541,398.791
ITC,391.5931,398.8029
ITC,392.1808,398.4324
ITC,392.8175,398.1169
ITC,394.4336,397.9739
ITC,398.9882,398.3267
ITC,398.2536,399.698
ITC,398.2536,401.0619
ITC,395.8539,402.3645
ITC,394.3357,403.0158
ITC,392.3767,403.0395
ITC,394.7274,402.3744
ITC,356.3811,401.9285
ITC,342.8643,398.2371
ITC,342.5216,393.0692
ITC,335.4204,387.2237
ITC,334.245,381.0404
ITC,333.9022,374.8183
ITC,330.2292,368.8295
ITC,331.4535,363.1252
ITC,327.8295,357.9037
ITC,327.8784,353.1231
ITC,327.8784,348.7952
ITC,322.4424,344.795
ITC,326.3603,340.891
ITC,319.6019,337.5372
ITC,318.0837,334.4671
ITC,318.1817,331.5931
ITC,316.7614,328.9788
ITC,316.7614,326.5661
ITC,312.1089,324.3754
ITC,314.5576,322.2134
ITC,312.06,320.348
ITC,315.5371,318.622
ITC,308.24,317.4143
ITC,310.15,316.1505
ITC,313.85,315.1007
ITC,310.2,314.5612
ITC,325.8,314.0639
ITC,322.8,314.9399
ITC,321.4,316.2542
ITC,318.25,317.6146
ITC,317.45,318.6909
ITC,313.75,319.7642
